APM,Accuracy_%,Distance_Traveled_m,Damage_Dealt,Time_to_Kill_ms,Consumables_Used
81.98,6.77,2667.07,567.89,4124.71,4.22
74.15,25.12,2381.05,303.75,3748.22,3.69
136.78,52.8,7000.17,1056.35,2388.85,15.26
256.03,65.11,4877.7,3941.32,1241.85,8.73
129.02,49.92,5952.94,1702.35,2923.14,14.81
87.54,13.22,1674.64,602.63,3826.41,1.77
253.49,62.04,4068.0,4201.92,1311.94,5.89
130.38,39.06,6505.88,1535.22,2197.43,17.73
75.68,29.12,2742.24,374.46,4455.21,3.09
86.38,12.22,2458.26,461.58,4560.93,2.51
94.67,23.54,2315.53,606.77,3908.35,4.65
151.1,60.08,6127.68,845.76,2671.62,18.03
187.27,53.24,6915.24,1467.78,2224.39,14.18
84.7,35.49,2533.67,279.66,3434.91,2.33
59.87,17.22,2241.77,413.95,3751.02,2.58
68.97,18.73,2629.78,508.42,3743.05,3.56
89.58,28.77,2583.81,364.61,3766.62,4.39
255.22,66.54,4404.83,2999.55,1222.01,4.0
96.51,13.75,1977.05,360.59,3871.35,4.18
78.33,23.76,2148.69,289.03,3325.11,2.4
55.53,22.55,2413.15,723.24,3994.57,2.19
157.72,23.37,7660.08,1517.98,2227.67,18.62
250.26,69.36,4617.81,3209.15,1132.15,4.61
105.15,18.85,2077.96,472.93,4039.79,6.1
86.65,21.87,2344.7,0.0,4025.11,3.71
244.17,68.4,3620.63,3937.68,1157.73,5.95
131.08,43.07,7170.63,2132.98,2444.64,17.25
153.72,42.32,9115.47,836.65,2374.79,14.27
60.69,31.98,2106.0,311.63,4004.39,3.64
226.17,66.61,4697.23,3156.66,1285.47,9.96
88.7,18.41,2528.91,596.53,4034.04,3.46
112.48,22.11,2562.85,549.07,3706.79,0.6
241.59,62.2,5454.71,3919.6,1141.0,2.21
163.41,41.14,6914.16,913.07,2174.45,14.71
94.27,17.63,2477.63,478.48,4239.75,5.08
74.42,26.53,1296.95,418.95,3576.78,2.9
247.69,67.52,3466.28,3396.16,1031.59,10.16
89.98,21.58,2476.07,250.84,4595.54,3.11
79.28,17.76,2930.74,866.94,3674.16,1.78
192.79,42.07,4647.69,1053.83,2065.42,16.38
220.43,59.0,3847.77,3401.7,1224.97,7.65
100.84,53.69,7147.08,1400.62,2241.67,15.76
182.24,57.9,7210.05,667.13,2551.55,18.41
235.6,63.33,4834.84,3390.91,1273.87,9.77
101.55,19.84,2144.89,508.29,5011.3,3.85
189.04,46.61,7412.94,1124.54,2439.11,19.17
99.89,13.86,1937.77,558.67,4366.77,3.73
163.46,49.1,7047.95,1331.85,2711.35,12.84
207.98,32.08,6550.27,717.7,2430.74,14.23
150.26,43.56,5559.15,1058.99,2462.36,20.5
133.06,41.2,7603.43,1493.66,2362.81,8.61
109.87,27.07,2076.62,524.07,3617.91,4.26
103.85,27.25,2801.89,488.18,4128.09,1.9
221.75,65.41,4533.76,3589.55,1359.82,8.85
130.75,47.41,6307.06,951.45,2429.68,11.55
170.44,32.49,8785.04,1381.35,2664.18,13.09
225.38,62.18,4211.55,3905.75,1115.39,9.4
79.41,3.79,2503.42,402.9,4478.97,2.95
89.12,26.11,2435.75,155.3,3363.21,3.05
232.86,62.0,4292.36,2965.86,1263.82,10.78
180.9,40.77,6671.35,1339.91,2437.21,14.41
114.45,50.38,7000.96,1382.02,2318.58,13.75
99.18,14.14,2112.1,486.7,4385.38,2.4
68.41,16.33,2697.63,611.04,4579.92,3.97
287.94,65.06,3995.96,4208.32,1470.14,9.13
243.45,69.25,4069.36,3746.37,1375.39,8.1
160.34,37.32,6480.0,1121.13,2486.96,19.44
154.53,45.56,6580.73,1347.61,2245.71,16.92
97.31,31.4,2813.44,711.26,3200.3,2.39
167.7,36.87,6012.52,1145.88,3097.75,11.39
69.32,34.29,3069.8,592.14,3630.65,2.67
86.38,30.17,2063.92,183.22,3744.92,2.78
256.93,72.38,4422.16,2959.33,1252.81,3.69
87.58,29.75,2139.73,146.72,4119.81,1.43
79.96,11.77,2261.79,412.68,3741.12,2.89
91.69,11.6,2610.63,638.9,4300.11,3.14
65.56,19.66,2491.08,367.17,4811.94,1.77
157.48,54.5,7410.47,1338.62,2312.3,13.5
187.53,60.2,6346.33,1145.04,1838.33,11.61
163.24,33.49,7598.33,1005.74,3395.58,17.54
66.55,16.98,2597.41,365.59,4162.79,3.94
90.59,15.7,2876.47,279.04,3473.08,3.36
74.86,24.75,2706.78,432.5,5092.55,1.94
266.54,61.16,3394.43,2871.91,916.57,7.44
69.88,10.09,2232.66,322.26,3736.73,3.51
87.13,28.2,2914.52,436.19,3995.41,1.33
81.97,26.97,2589.31,321.68,4794.47,2.61
59.04,7.77,2579.47,259.66,3881.16,3.26
71.09,17.44,2661.69,577.24,3730.2,1.62
95.58,23.33,2268.35,263.08,3744.12,1.48
136.06,46.13,7566.57,1331.54,2669.38,18.69
165.23,34.97,6828.06,1177.21,3209.16,12.76
66.44,21.89,2457.09,372.42,3400.8,3.27
76.66,24.1,2716.36,440.18,3897.36,4.67
70.79,28.61,2589.26,369.16,3683.38,3.77
150.8,47.27,6486.81,1020.75,2259.99,13.84
109.12,20.12,2697.42,437.43,3590.7,2.68
180.47,38.23,7397.36,1437.19,2222.09,12.23
114.09,20.42,2278.76,331.04,4343.97,4.67
59.21,27.01,1956.99,398.52,4401.58,4.01
163.91,44.04,6389.82,1738.56,2158.69,16.08
111.29,14.0,2697.88,498.92,3597.45,3.22
129.12,36.81,6831.1,431.3,2617.21,13.22
59.42,16.28,2204.78,608.98,4364.53,2.03
69.0,11.11,2321.62,287.6,4100.42,2.02
52.73,27.48,2060.55,307.96,3089.62,2.45
146.4,55.25,6771.2,1019.87,2682.06,14.81
86.27,8.72,2878.35,612.13,3954.46,3.08
153.06,38.45,6433.27,939.1,2336.0,21.04
242.3,69.59,4977.57,3950.63,1116.68,8.79
245.32,60.31,4811.42,4250.72,1153.62,8.79
164.81,45.17,7654.31,1220.8,2898.68,14.53
251.84,65.35,6039.44,3874.27,1197.54,11.0
76.27,12.54,2377.75,524.74,4739.04,3.02
258.08,65.59,4256.44,3742.4,1206.97,5.92
125.71,39.58,6294.5,1620.48,2563.39,20.17
168.98,42.17,6476.99,1196.37,2616.88,15.66
69.36,17.4,2261.35,388.62,3904.88,2.43
66.26,7.6,1691.28,51.95,3795.1,3.31
62.7,16.84,2622.96,328.63,3976.87,4.24
104.95,47.61,8009.54,1653.35,1936.02,17.5
255.15,67.74,4524.26,2667.23,1296.82,6.75
75.8,26.65,1551.34,198.99,5286.0,1.38
80.88,34.67,2176.25,511.37,4357.87,2.84
144.77,42.42,6689.19,874.25,2166.41,12.27
72.21,16.33,1685.51,6.28,4306.89,3.24
243.82,61.46,3982.38,3490.35,1270.71,10.35
144.91,59.18,5494.52,1215.27,2914.44,16.39
180.33,48.73,8048.25,949.46,2591.15,13.53
69.06,25.47,2474.94,236.18,4200.12,3.42
176.81,42.92,7221.9,1433.68,2736.72,17.24
93.34,22.72,2778.35,481.51,3693.51,3.44
184.76,52.06,7510.44,1464.7,2664.67,20.22
203.63,59.83,6210.26,1142.69,2102.06,15.37
77.91,33.28,2623.07,453.44,4344.58,4.72
101.76,12.32,2063.15,213.32,3451.89,3.36
83.43,30.0,2697.19,269.76,4409.69,2.98
87.37,16.11,2694.92,341.22,3406.12,2.93
180.01,49.11,6869.55,1395.14,2860.02,14.14
134.86,47.59,7689.91,905.65,2867.07,16.37
181.56,55.72,8161.97,1510.57,2683.74,22.24
92.92,21.0,2558.33,434.12,3334.65,0.73
51.38,28.26,2154.6,256.18,3788.12,3.7
77.79,19.36,2743.56,431.71,4322.3,2.11
114.93,45.71,5735.05,1101.41,2743.42,13.95
59.51,28.66,1835.57,329.73,3743.73,1.1
254.84,69.77,3732.94,3611.99,1417.05,12.15
73.83,15.57,3162.48,463.8,4048.91,3.37
154.58,54.12,7178.59,1259.68,2777.28,15.58
135.59,47.71,6523.47,824.28,2239.51,18.65
90.69,16.0,2938.92,476.52,4514.72,2.6
181.19,44.03,6287.05,1046.04,2581.45,8.7
240.73,67.85,4855.81,3761.75,1171.97,10.63
210.25,63.07,5059.79,4008.62,1378.26,9.7
226.63,63.45,4011.22,3560.12,1227.99,7.88
254.18,54.87,5314.31,3829.27,1432.58,5.55
214.74,67.02,3970.39,3778.48,1120.35,10.76
87.98,20.24,2247.99,289.15,3935.48,0.7
82.22,6.22,2914.18,444.25,3433.08,1.96
72.75,10.39,2256.94,331.95,3309.7,2.68
83.36,12.46,2619.86,310.35,3593.59,2.8
73.83,13.24,1759.26,474.46,3907.04,3.75
151.01,41.37,5732.69,1692.8,2902.14,18.14
102.42,25.21,3008.76,525.66,4226.79,3.3
97.06,12.89,2182.99,510.88,4139.4,2.35
134.86,52.99,6381.7,1399.89,2584.19,15.88
68.71,20.51,2696.6,255.6,4900.72,3.02
230.51,67.6,4644.89,3269.74,1296.41,3.0
112.88,48.43,6704.31,1231.31,2629.89,11.71
66.83,13.17,2616.36,222.54,4546.05,3.63
150.85,37.01,8012.57,719.73,2588.27,15.72
249.31,68.41,4750.46,3545.69,1291.18,12.81
65.93,8.8,1953.75,391.39,3843.67,2.76
63.24,11.44,1735.34,517.6,3465.37,3.39
144.38,65.72,6958.89,1476.5,3126.53,13.38
64.09,20.61,2717.69,87.12,3749.9,0.85
82.37,24.13,2401.45,649.8,3924.69,3.72
90.18,18.95,2123.84,315.72,3000.56,2.08
251.99,68.12,4629.86,3284.1,1434.83,7.87
164.22,35.64,6973.42,828.27,2368.97,19.66
62.7,13.05,2106.14,92.45,4348.16,3.51
272.86,66.62,4549.67,3354.56,1133.03,8.4
127.81,41.57,6888.44,1075.96,2528.6,16.63
68.24,37.58,2577.94,255.08,3864.34,3.64
92.23,5.46,2177.93,506.71,3935.73,4.15
188.21,50.68,7508.33,1032.51,2637.18,15.29
71.97,25.26,2316.54,485.02,5041.33,3.52
257.51,59.61,4843.03,3449.69,1121.57,8.24
170.84,43.37,8420.25,1698.44,2250.45,19.72
266.25,63.74,4443.84,3214.86,1108.08,7.28
78.09,35.29,2959.87,518.49,4852.3,2.28
105.54,29.18,2218.11,355.12,3890.17,2.47
83.79,26.72,2640.15,332.72,4481.95,3.67
136.16,40.74,7086.85,1664.71,2747.81,16.03
96.24,23.5,2304.69,498.66,3632.88,2.77
174.9,48.28,5485.11,1798.7,2312.7,10.45
75.05,22.21,2316.95,509.64,3391.55,2.89
262.23,70.16,4752.02,3057.39,1378.35,8.52
243.15,68.74,3800.72,3218.26,1204.31,12.18
75.73,27.64,2481.05,73.27,3862.6,5.93
66.91,16.52,2290.51,253.78,5293.95,2.84
163.95,44.38,7400.68,1064.37,2423.51,14.04
103.83,3.27,2772.09,290.77,3729.5,1.46
74.17,11.78,2372.7,571.64,3382.74,2.39
48.07,24.14,2370.37,542.32,3547.53,2.48
262.51,60.8,4669.25,3571.08,1317.87,8.36
69.58,22.19,1765.46,329.3,4008.01,1.52
180.21,38.63,6142.51,898.81,2106.33,11.27
142.09,34.15,7623.73,1245.53,2085.69,10.35
135.89,43.72,7497.77,751.04,2488.21,15.22
86.77,20.28,2049.58,394.19,4031.17,4.9
72.93,16.26,2753.33,389.57,3929.24,2.86
228.85,61.74,4858.77,3329.25,1084.83,9.29
122.42,38.38,6620.93,1071.23,2507.62,13.63
250.1,69.06,4062.19,3869.61,1380.98,9.83
81.09,9.2,2205.92,564.41,4074.8,2.19
97.59,25.76,2383.3,457.63,4208.73,1.6
265.04,64.35,4875.69,3477.22,1229.11,10.1
200.15,38.98,6939.39,765.11,2929.41,15.23
133.3,43.54,7557.56,1741.3,2671.18,15.55
85.83,24.85,3151.86,408.38,3932.91,2.49
83.87,21.28,2069.33,397.89,4105.15,4.2
251.37,60.51,3669.24,3108.65,1482.17,8.84
143.08,59.71,6606.69,1454.73,2356.15,17.96
167.97,53.88,6753.63,1275.06,2143.1,15.99
205.26,36.04,7015.08,1415.46,2399.78,13.54
82.93,31.68,2148.29,245.89,4267.18,2.85
211.62,63.91,4635.23,3584.41,1153.83,7.62
227.87,48.79,4150.14,3486.9,1432.13,10.3
70.74,27.4,1529.44,479.03,3704.36,1.95
259.65,62.37,5635.35,3744.23,1192.84,4.86
70.13,33.0,1933.51,541.78,4627.17,2.25
73.85,23.73,2658.32,387.59,3682.3,3.07
253.07,71.77,4010.62,3772.6,1296.13,9.1
110.7,14.84,2850.47,276.47,4559.27,2.1
116.72,50.54,7224.13,1660.03,2757.88,13.94
251.2,69.13,4380.53,3282.03,1237.41,9.74
90.82,14.68,2068.11,402.91,4349.46,2.16
259.47,61.61,3894.49,2818.97,870.18,8.91
138.92,51.72,6844.07,1048.75,2757.54,16.6
76.82,13.8,2574.28,302.4,4681.69,4.94
159.71,36.42,7437.03,720.56,2495.85,16.79
159.83,54.32,6832.62,1255.42,2935.98,14.28
114.07,23.01,2932.02,500.64,3053.62,3.04
95.35,25.38,2965.14,446.36,3625.95,1.62
170.96,52.23,6912.31,791.05,2933.09,12.22
50.73,28.68,2955.82,331.05,4042.26,4.19
73.73,26.01,1871.65,221.66,4903.8,2.86
255.94,63.93,4198.01,2937.34,1236.5,6.31
177.15,47.58,6044.86,1106.08,2094.68,17.75
64.78,20.68,2653.37,279.41,4094.24,2.16
159.53,52.62,7699.51,1243.02,2767.07,14.29
259.46,66.71,4270.32,3833.57,1425.51,6.04
40.95,31.48,2614.32,533.06,4225.31,4.62
134.66,37.36,7202.99,1204.28,2792.75,20.71
168.55,35.57,7762.5,1060.68,2828.94,6.76
156.02,39.77,6473.51,1405.07,2653.24,16.4
245.32,58.11,4274.97,3665.37,1134.83,9.4
102.34,24.97,2114.32,231.99,4366.53,4.08
88.28,4.48,2464.76,265.33,4199.07,1.5
245.31,68.15,3808.6,3426.04,1077.46,8.69
119.39,50.94,6890.1,794.2,2231.48,13.17
83.25,11.48,2110.35,190.68,4428.95,2.59
92.61,19.39,2604.83,559.4,3808.77,3.8
188.55,46.71,7831.29,1174.97,2600.16,12.14
80.28,27.82,1879.4,392.27,3481.85,2.55
156.71,46.52,5396.91,1014.82,2524.6,17.01
233.83,75.67,4121.82,3011.15,1302.28,8.76
249.47,70.49,4474.88,3461.31,1232.87,8.43
249.28,70.82,3742.4,3362.92,993.1,8.15
266.44,66.12,3480.94,3486.0,1098.54,10.77
92.63,22.86,2475.84,362.71,5137.91,2.82
65.82,21.48,2550.51,107.59,4379.41,2.74
96.52,21.21,2306.87,378.51,3113.02,3.4
161.87,42.98,7114.35,1199.79,2103.26,13.35
148.24,52.35,6141.81,1423.26,2610.24,14.85
211.73,68.26,5138.84,3049.8,1229.48,6.62
64.42,21.05,2896.07,505.52,3565.36,2.12
78.55,19.0,2894.55,271.57,3616.94,1.27
91.58,18.73,1882.75,357.24,3993.35,3.37
235.71,59.99,4294.06,4552.95,1367.59,10.02
37.52,22.97,2778.47,451.61,5021.09,3.63
78.79,12.28,3013.53,387.84,4190.87,3.0
151.42,45.91,5416.56,1092.5,2552.56,14.16
83.03,22.25,1884.97,521.34,4304.76,2.66
134.76,58.56,7988.9,1035.51,2674.61,14.79
63.94,5.87,2255.66,243.08,3471.98,4.02
106.42,24.58,2421.23,614.1,3620.51,5.7
82.67,31.58,2512.96,394.55,3848.19,2.3
95.73,28.36,2318.08,397.51,3208.79,3.39
67.96,24.08,2827.97,217.11,4080.85,3.72
109.66,37.62,7155.79,1210.25,2484.94,13.25
88.55,19.09,2928.77,247.34,3801.34,0.48
65.18,24.08,2707.96,0.0,3463.34,1.79
82.84,19.15,2028.22,543.68,5034.11,2.72
119.4,48.75,6177.86,1646.96,2579.05,14.11
270.07,57.85,4878.75,4101.6,1250.17,10.32
281.29,65.05,5183.44,3351.42,1090.36,5.43
65.27,11.33,1364.37,268.23,4269.22,3.21
255.92,69.5,3981.38,3630.45,1174.93,8.16
101.28,24.1,2703.44,360.16,4786.87,1.37
203.93,37.77,6498.63,1558.23,2484.06,13.18
64.6,26.85,3279.34,502.84,3149.05,1.51
152.99,28.03,7416.9,1570.73,2222.37,11.69
154.23,50.89,8043.47,1674.16,2760.75,15.76
70.58,21.27,3103.65,86.45,3697.42,1.25
142.63,44.34,6785.18,1422.25,2805.3,16.1
245.53,61.2,4590.93,3723.92,1199.46,6.02
140.68,44.34,7480.97,912.85,2409.39,18.82
253.43,64.43,4483.65,4167.61,1301.22,7.08
81.16,12.25,1830.84,422.33,4581.13,2.02
107.11,9.66,2554.14,434.93,3966.06,2.09
264.28,65.75,4624.11,3932.31,1026.25,9.88
86.29,9.64,2588.62,74.26,4852.05,3.38
79.19,17.32,2049.0,598.06,3244.98,2.19
195.65,41.55,7325.64,1338.78,3027.59,14.44
154.01,45.19,7246.44,1231.77,2287.13,15.89
146.19,54.19,8292.47,1092.77,3015.81,13.05
96.18,45.69,6988.44,1376.57,1924.1,15.54
197.61,60.09,5322.48,2937.0,1195.03,9.99
166.83,55.52,7154.87,1322.6,2665.98,11.68
146.04,44.82,7071.66,1557.75,2377.57,14.08
238.75,68.79,4125.76,3551.69,977.17,8.4
146.54,58.12,7680.72,891.19,2147.32,12.53
87.05,12.2,1447.71,642.45,4061.74,1.26
277.12,58.76,4389.52,3542.57,1141.84,5.76
98.0,23.52,3367.97,326.84,3971.05,2.25
90.23,29.28,2453.91,325.52,3234.23,2.82
164.71,38.25,6533.79,1660.12,2089.86,14.22
48.09,18.72,3155.34,419.29,4268.21,2.44
293.81,58.93,3597.56,3426.41,971.52,5.71
78.58,36.13,2454.61,481.87,3304.02,2.25
304.4,60.96,5071.88,3748.27,1314.06,5.79
82.35,20.35,2837.24,381.5,4545.09,3.03
56.79,19.57,2248.05,439.84,4243.89,0.47
152.05,26.1,6929.31,1256.91,2123.05,14.91
87.83,26.21,2590.67,630.17,4053.53,3.1
70.89,32.99,3047.88,649.56,4016.95,4.25
74.96,30.27,3625.86,391.39,3988.98,3.47
281.0,64.26,4523.7,3689.04,1124.69,9.93
176.0,57.17,7758.02,855.36,2799.06,13.0
99.15,21.8,1906.38,382.8,3251.92,3.3
84.65,10.95,2410.27,578.97,5162.34,2.28
72.06,28.36,2627.41,432.9,3329.47,3.75
86.15,43.5,7301.68,930.36,2086.71,13.23
67.04,28.81,2993.9,398.78,3942.45,4.12
134.76,41.59,6865.48,1829.92,2431.06,16.18
164.66,49.01,6992.56,941.17,2078.33,6.03
233.22,71.33,4446.48,3505.57,1075.15,7.95
85.51,15.15,2593.54,319.79,3591.16,2.8
279.56,72.93,3696.78,3290.19,1126.58,7.36
186.78,57.92,6985.03,873.83,3286.24,14.91
74.18,18.04,2692.3,342.15,4159.98,1.33
254.28,58.4,4739.49,3608.63,1162.92,6.8
266.45,75.72,5251.18,3095.16,1194.8,7.03
47.71,12.7,2963.75,146.4,4513.45,3.46
61.97,19.21,2884.79,319.35,3930.74,2.97
100.19,30.7,1607.81,71.31,3691.39,2.2
246.29,64.7,4517.63,3281.26,972.64,2.3
107.44,18.94,2474.75,327.56,4865.58,2.83
69.08,18.63,2189.4,545.17,3721.43,3.32
74.89,23.46,2519.0,782.35,4187.73,2.53
86.48,14.32,1892.44,495.6,4453.98,3.76
76.43,22.25,2899.05,209.5,4626.27,3.03
267.13,67.46,4261.17,3583.08,893.74,5.33
255.2,62.64,3264.18,3707.06,1477.0,7.65
59.97,10.39,2737.03,456.91,3362.88,3.84
240.69,70.68,3937.68,3477.77,1134.04,8.4
260.85,84.26,4757.22,4098.42,1065.81,6.93
88.35,16.49,1953.26,367.89,4366.41,2.52
179.77,48.62,6725.45,730.73,2407.46,11.5
257.14,68.31,4022.23,3048.38,1120.37,7.3
133.72,46.91,7896.82,1529.15,2264.57,11.56
52.13,9.68,2476.99,414.67,4211.94,2.02
102.55,16.15,2581.29,354.16,4207.91,3.59
73.82,22.18,2840.03,259.08,4146.77,3.85
86.76,10.55,2419.86,502.95,3463.16,3.9
100.61,53.64,6264.49,1596.39,2644.81,20.11
257.23,72.21,4362.47,3998.43,1173.46,7.91
86.54,31.3,2449.93,496.68,3574.23,2.11
84.26,15.65,1950.64,387.86,5467.83,2.55
154.26,36.46,7078.39,1405.9,2516.48,14.52
136.34,46.35,5291.46,1466.07,1709.28,12.85
265.74,72.66,5537.7,3548.8,1399.37,12.58
145.68,43.09,7474.85,1304.3,2511.47,13.09
86.56,18.44,2728.47,329.63,4462.84,3.61
149.62,55.54,6956.08,1331.02,2195.83,13.41
89.05,15.9,2930.14,565.59,3517.11,2.95
223.59,57.96,4398.48,3197.85,1096.21,5.12
87.1,19.13,2856.52,97.4,3653.82,2.66
42.68,17.11,2327.88,340.02,4228.34,0.49
88.59,27.57,3042.63,473.39,4023.04,2.62
80.62,22.95,2455.67,298.12,3208.89,2.22
279.31,76.57,5530.37,3183.81,1122.41,9.05
92.45,29.47,1358.15,327.38,3747.02,3.3
62.68,28.35,2326.89,507.76,4397.3,2.51
131.16,42.93,7345.54,1626.71,2480.94,16.15
87.59,9.27,2618.11,297.79,4304.37,2.18
78.89,14.4,2629.74,314.58,4051.43,1.6
190.98,32.24,7289.2,1027.92,2389.14,13.41
179.34,43.65,6672.57,1326.29,2434.59,13.6
69.85,22.15,2249.47,380.7,4413.62,0.91
93.51,22.97,2157.26,543.29,3487.07,2.23
91.63,14.18,2354.75,223.46,4020.64,2.33
93.39,28.93,2333.35,183.46,3541.01,1.73
244.02,62.0,4655.63,4200.91,1233.57,7.14
239.93,68.14,4047.84,3188.68,1190.14,8.66
104.09,46.41,6352.32,772.81,2383.86,12.69
256.58,67.94,3959.23,3350.07,1146.11,8.48
83.33,13.59,2105.78,499.94,4074.73,3.06
153.54,44.71,8116.55,1826.86,2716.47,14.15
131.11,38.61,7295.71,812.02,2316.33,11.99
95.92,23.6,1860.85,160.62,4541.06,3.14
86.66,11.74,2540.99,206.42,3614.4,4.18
60.68,17.55,2363.76,547.4,4170.91,4.24
122.69,47.35,6753.57,1104.05,2264.2,14.47
56.77,19.69,2988.11,273.15,4542.1,1.89
108.67,21.02,2701.79,471.01,3871.53,2.81
105.44,14.88,2975.44,352.19,3981.71,2.19
86.7,31.16,2882.68,304.36,5197.18,5.5
236.4,69.29,5083.89,3109.65,1012.27,6.72
132.68,43.45,7117.43,1151.16,2961.38,19.6
97.55,7.18,2260.62,396.37,3264.76,3.45
160.92,44.36,7215.3,1792.93,2434.89,19.43
257.71,62.65,4244.99,3921.26,1157.83,8.88
81.19,5.47,2472.75,235.71,3612.06,3.03
182.54,41.28,7580.08,1435.02,2104.23,13.42
225.09,74.16,4666.83,2989.3,1097.7,8.64
72.48,18.95,2622.79,565.87,3073.49,4.35
82.11,15.82,2720.75,412.42,3574.69,3.0
247.23,67.8,4200.31,3131.13,1122.59,9.85
74.46,23.86,2951.11,493.99,3573.89,3.08
163.58,44.97,5789.03,1537.63,2418.5,18.07
260.44,61.41,4685.57,3255.39,1193.16,11.19
204.13,51.78,6248.08,1349.32,2498.04,17.27
69.4,14.23,1899.91,367.61,4514.38,2.81
85.08,10.28,2330.56,476.05,3895.67,3.3
130.35,48.43,6978.88,536.44,2335.13,13.54
96.06,20.0,2854.48,596.75,4039.06,3.97
59.67,18.49,2978.19,197.42,3536.22,1.21
240.42,60.37,5482.36,3270.54,1230.44,9.54
53.72,11.19,2817.53,376.34,4486.81,1.56
49.25,22.19,2333.96,487.65,4535.54,1.33
99.93,21.12,2240.07,436.91,3907.93,4.38
60.79,25.55,1874.79,443.64,4153.92,2.43
153.41,34.23,7566.64,957.52,2517.41,15.65
64.68,22.59,2635.18,216.95,4364.47,1.99
287.05,66.08,3480.38,4111.82,1062.2,4.66
265.35,67.57,4428.81,3002.14,1128.19,9.27
183.2,53.86,5713.95,1103.8,2695.46,13.39
251.94,63.96,4496.01,3355.61,1323.07,7.86
72.11,22.24,2289.75,428.64,4681.61,2.34
73.8,11.05,3098.68,465.18,3296.53,1.51
81.64,5.39,2309.04,258.85,5459.09,2.96
108.46,33.23,3239.74,245.53,4329.82,5.11
86.74,22.94,1801.72,112.89,4616.86,4.44
164.48,44.06,7228.44,1321.29,2525.71,16.45
172.98,49.95,6792.96,1327.77,2416.31,16.72
119.76,45.54,7880.77,640.04,3116.96,17.85
73.76,22.37,2215.21,405.33,3435.97,4.33
256.87,73.83,4243.07,3407.63,1104.34,10.95
90.39,26.33,2921.59,402.12,4144.59,2.0
163.47,25.61,7634.79,1349.47,2644.67,17.69
156.68,45.17,7448.74,1007.55,2737.11,13.92
231.81,67.98,4771.68,2815.93,1046.02,10.37
158.27,44.2,6483.02,1147.24,2225.14,20.27
98.45,10.4,2910.04,378.75,3719.33,0.88
102.95,23.87,2668.28,366.84,4067.08,2.2
87.67,5.54,2842.68,301.39,4215.43,3.86
246.15,71.53,4211.61,3484.95,1185.71,8.3
157.75,49.66,7061.48,1435.38,2850.88,13.48
95.96,17.65,2046.89,324.81,4327.95,2.14
87.29,22.26,1418.24,503.57,4524.24,1.95
51.75,22.33,1873.74,590.89,3831.55,2.25
143.73,37.2,7750.06,1466.3,2882.46,18.77
86.74,34.48,2396.08,514.58,3779.87,3.01
76.36,15.03,2576.76,411.35,4213.91,1.8
146.98,40.11,7492.62,1092.07,2604.9,18.79
57.28,26.71,2103.32,518.78,4371.83,3.03
228.75,65.38,4466.96,3663.3,982.8,11.23
158.04,39.18,6763.62,1346.36,2602.02,15.9
235.96,62.05,4538.68,3067.57,1360.0,9.46
238.67,68.96,4524.04,3639.03,1256.58,6.49
162.16,39.65,7191.4,1145.63,2405.94,10.78
140.88,50.91,8088.53,1337.33,2525.15,14.42
53.36,18.16,2139.76,467.11,3911.2,1.25
94.63,28.34,3225.36,529.22,3937.56,3.36
95.63,13.19,2738.2,358.37,4444.58,3.41
140.01,51.08,5163.06,1185.4,2719.56,15.87
251.16,64.43,4277.85,3511.33,1114.32,8.45
219.7,62.12,4071.96,2835.62,1204.03,6.06
54.03,18.35,2928.15,457.96,4196.32,3.15
71.75,9.51,2580.18,209.21,3645.28,2.77
65.27,19.13,2951.16,268.83,3889.73,3.18
126.52,41.42,4975.77,1625.88,2626.03,18.74
91.64,25.74,2113.5,241.73,3502.41,5.82
42.02,17.75,2838.75,539.24,4003.14,2.61
80.69,19.92,2385.28,500.33,3610.49,3.52
82.09,25.95,2734.12,495.4,2911.02,2.65
84.47,22.3,2584.27,361.56,3730.71,1.77
159.8,55.54,9510.2,1073.77,2501.01,14.31
109.3,14.9,3339.18,147.3,3251.28,2.4
67.15,19.77,2582.54,354.93,3439.23,1.55
108.32,20.36,2689.05,461.95,3834.95,1.62
149.32,37.01,6842.13,666.42,2201.26,12.48
144.77,45.6,7312.37,743.29,2679.17,13.41
54.76,14.82,2897.78,308.8,4215.82,4.27
91.09,13.36,2061.79,589.23,3658.18,2.9
67.52,14.09,1500.78,423.7,4438.09,3.41
90.43,17.11,1725.3,662.22,4377.83,3.49
78.84,21.57,2065.58,445.79,3404.8,3.16
78.84,10.27,1803.11,861.53,3378.88,2.36
69.24,22.49,2838.32,179.19,3915.07,3.45
149.37,42.67,8386.01,824.88,2644.56,14.65
154.61,50.37,6088.93,1004.99,2459.65,14.36
233.68,67.49,5338.22,3275.01,1097.84,8.56
259.48,63.56,4283.72,3573.93,1268.51,12.5
59.95,22.54,2037.43,364.64,3989.38,3.13
86.42,29.07,2400.37,479.65,4083.79,3.61
171.51,44.84,7381.09,744.64,2559.19,12.33
246.77,64.9,4174.68,2877.35,1228.66,10.22
67.76,4.63,2225.49,284.23,4675.51,2.26
190.71,22.02,6833.51,759.74,2018.03,17.56
255.01,66.55,4543.29,3130.71,1163.81,6.02
142.27,38.52,6355.3,1202.04,2707.88,16.44
61.17,14.16,2300.97,587.97,4055.44,3.03
66.13,33.46,2852.46,428.89,3644.27,3.43
62.43,21.3,2764.82,475.46,3898.27,5.05
74.58,42.06,2161.94,443.02,4041.39,4.99
78.6,4.67,2119.64,265.55,3832.38,2.38
42.68,30.48,2844.89,425.2,3381.93,4.29
63.44,21.25,2161.46,620.66,3899.68,1.99
73.93,22.66,2877.12,490.57,4155.75,4.09
85.22,42.64,8099.55,1309.09,2660.39,13.46
276.14,66.22,3935.15,2988.17,1330.87,10.75
159.87,43.59,6892.58,687.79,2130.24,13.29
90.72,29.64,2872.97,455.53,4414.03,2.63
72.84,23.61,2302.01,436.03,3779.08,3.14
225.58,68.17,4537.05,2838.06,1235.13,11.15
109.59,17.25,2835.87,240.37,3294.47,3.45
256.48,58.7,4468.66,4239.58,1106.53,6.75
173.2,44.28,6844.94,1326.48,2700.5,20.55
120.75,49.64,5581.57,1161.74,2024.21,13.36
154.62,60.51,7856.12,1356.75,1825.93,26.78
94.68,12.16,2611.34,365.3,4109.33,2.05
115.83,54.5,7900.84,1143.26,2806.41,13.18
71.67,24.48,3084.88,249.16,4354.68,3.08
144.47,47.94,7167.73,1408.66,2367.09,19.73
82.56,14.31,2411.39,354.5,3656.64,2.65
103.86,16.76,1867.13,320.58,2899.38,2.01
220.73,61.54,4769.46,3376.18,1297.31,7.84
92.7,16.52,2747.55,522.1,3712.95,3.79
61.18,18.88,2361.08,405.1,4601.29,4.41
74.36,18.32,1966.75,559.01,3861.24,3.6
266.27,67.06,5003.15,4166.19,1236.57,9.19
74.65,22.52,2022.32,272.79,4799.74,1.83
68.66,18.01,1744.0,0.0,3705.27,2.67
128.74,32.18,6917.42,1533.81,2215.5,11.83
90.43,7.5,2971.41,354.47,3535.6,2.4
75.49,18.75,3123.52,616.29,3980.05,4.04
141.93,43.94,7527.4,1360.35,2769.12,13.65
135.46,58.29,6561.02,1252.0,2112.32,15.13
230.19,70.79,3686.23,3507.37,1116.16,8.61
95.4,13.77,2579.17,471.3,4842.26,1.5
270.62,57.4,4234.87,4529.34,1413.08,6.9
82.94,17.2,2492.05,376.25,4111.64,3.03
53.09,19.95,2610.64,296.95,4030.94,2.67
75.47,29.54,2022.19,220.31,4979.92,2.0
114.22,28.53,3013.64,542.7,4278.01,3.33
62.57,20.24,2958.41,410.18,3759.68,3.66
81.18,10.23,2590.81,530.61,3183.99,0.78
173.92,45.49,6526.03,1611.85,2270.0,11.87
36.4,23.11,2534.44,406.83,4259.05,2.87
82.11,29.32,2220.72,252.32,4067.96,4.02
110.79,15.72,2615.49,191.61,4699.74,3.86
54.69,14.47,2170.16,276.08,4057.05,4.23
140.52,44.78,6897.17,1249.43,3024.88,16.24
105.01,21.97,2819.14,461.45,3912.35,3.86
82.01,11.4,2113.36,580.37,3368.62,2.64
96.59,19.55,2257.01,494.87,4421.15,1.52
133.58,46.44,6404.08,749.08,2352.43,15.86
70.96,19.75,2624.66,608.35,3796.27,4.36
151.22,43.64,5557.49,843.18,3002.04,15.75
71.2,26.16,1853.65,126.84,3914.81,4.22
193.17,32.96,5844.92,1303.14,2401.17,17.2
269.37,62.53,5239.97,3963.73,1276.09,7.93
36.06,15.94,3007.06,449.03,4488.02,3.53
150.37,46.56,7157.85,1350.53,2338.35,20.96
140.87,46.01,7281.16,950.87,2754.53,16.52
252.22,70.44,5184.32,3295.51,1418.01,8.87
78.51,13.07,2652.52,366.15,4516.94,0.17
124.63,41.34,7074.28,1273.19,2706.91,16.67
280.46,70.27,4523.49,4042.26,1130.66,6.71
157.06,32.07,9207.73,1372.56,2821.46,19.42
83.77,25.14,2350.93,353.55,4259.68,0.45
127.88,49.37,7907.02,1175.54,2429.61,18.69
120.31,54.77,6894.99,1923.78,2814.2,20.86
248.51,63.99,4084.52,4178.58,1524.49,11.83
262.95,70.42,4502.62,3847.84,1214.42,8.12
104.83,26.26,2084.08,384.13,4408.42,2.85
78.52,13.4,2639.44,344.01,4045.55,4.06
61.86,22.77,1887.82,323.14,3297.88,3.09
226.08,59.88,4606.99,3282.63,1469.38,4.52
126.98,52.07,5601.17,1542.04,2128.7,13.11
231.61,69.88,4174.08,3911.66,1266.0,7.51
168.83,43.9,6619.02,1089.22,2172.42,17.8
265.64,66.16,4101.55,3209.7,1039.49,8.03
139.26,40.59,6951.47,929.38,2553.05,18.27
87.83,17.25,2296.31,313.54,3776.84,2.66
122.42,51.46,7991.16,1083.87,2709.37,15.64
90.68,25.88,2605.42,436.46,3979.35,1.25
78.63,17.22,2629.27,629.31,4757.72,3.98
106.73,18.89,2723.33,394.32,4252.14,2.57
136.2,30.0,7261.4,646.14,2195.0,19.55
65.3,18.63,2772.09,378.77,3862.58,2.37
87.44,6.17,2264.27,382.78,3810.62,2.0
95.11,16.8,3074.03,281.37,3301.1,3.58
70.9,17.48,2505.13,622.29,4136.51,2.95
91.03,27.09,2518.2,412.19,4180.2,3.39
63.87,17.72,1889.13,210.4,3915.44,2.89
269.51,68.87,3901.06,3442.26,1294.94,7.26
177.28,51.35,6115.44,1496.2,2821.89,14.38
147.79,47.59,7762.51,1401.86,2492.93,16.69
142.74,61.46,8278.92,1205.74,2416.07,9.64
80.78,22.43,3017.99,248.73,3813.32,3.69
161.5,49.69,7640.33,1721.67,2871.23,15.42
87.73,19.41,2362.85,437.7,4007.85,2.5
150.7,45.98,5743.3,1645.23,3384.73,14.76
119.76,47.94,6463.5,1015.09,2946.17,13.65
87.37,6.15,2883.12,266.9,3871.19,2.06
106.02,7.12,2092.12,388.09,3391.71,2.94
51.95,15.93,2228.54,577.02,5138.54,2.14
111.1,54.82,7341.76,707.04,2292.84,14.39
142.37,38.99,6503.32,1180.16,1834.21,16.11
77.09,13.1,2402.92,571.9,4836.68,2.83
137.8,44.81,5896.31,996.73,2616.75,8.64
123.83,47.81,6459.86,1515.58,1937.03,14.86
145.33,54.19,6622.33,1125.89,2244.58,9.22
104.48,21.36,2442.04,312.33,3222.31,2.63
60.73,21.34,2705.63,193.92,4818.37,2.36
259.93,66.79,3702.79,3802.8,1340.74,10.8
58.0,20.51,2496.28,503.92,3349.21,3.18
258.26,62.99,4295.96,3218.73,1416.02,12.88
67.09,15.61,2487.52,197.12,3773.29,3.53
299.26,69.07,4046.22,3659.65,1436.62,8.99
99.19,28.03,2087.22,423.71,3827.04,1.26
75.09,8.18,2658.17,85.1,3794.49,3.54
170.39,42.21,6221.16,1178.52,2638.96,13.63
239.11,62.64,4822.69,4137.27,1133.17,11.46
265.82,65.48,3665.3,3623.12,1361.04,10.21
69.0,21.25,3378.49,237.08,3220.61,3.2
147.22,45.54,7826.04,956.74,2271.01,14.9
97.39,24.81,2780.28,384.93,2962.76,5.04
266.44,67.31,4375.48,3188.87,1469.18,7.01
133.77,40.18,7127.89,1133.04,2349.11,7.41
96.83,17.22,2561.8,494.14,3903.15,1.75
62.33,10.79,2284.78,488.88,3460.74,1.96
80.52,12.64,2820.85,317.35,4007.25,2.89
241.07,60.51,4535.78,3671.85,1231.26,8.21
56.58,23.25,2188.36,813.28,4809.39,2.86
129.91,41.27,6510.05,1093.79,2567.59,20.96
95.88,21.18,2779.48,462.22,4327.22,1.53
62.07,21.1,2281.58,604.02,3437.21,3.21
89.97,16.16,2268.83,410.41,4214.17,3.04
237.97,61.35,3908.37,2823.01,998.33,7.49
80.28,27.52,2618.9,215.62,4803.79,3.69
133.16,57.11,5278.55,1131.42,2665.44,16.88
145.37,42.02,7134.92,1206.74,2040.67,20.89
163.42,48.91,6884.39,900.58,2685.91,13.73
73.18,34.11,2542.98,355.83,3836.66,3.34
255.86,64.9,4668.8,3120.24,1187.68,11.28
243.98,69.33,4455.44,2898.74,1257.36,7.92
54.97,22.25,2264.04,400.24,4375.44,3.02
173.36,52.89,6976.59,800.91,2330.57,12.49
65.81,27.21,1882.88,497.85,4154.95,5.5
151.61,59.99,8659.27,1005.19,2776.54,14.84
255.53,75.77,4914.7,3748.72,1133.07,6.49
77.25,31.5,1632.13,521.21,2902.81,3.47
89.7,16.13,2871.76,519.51,4362.07,1.38
64.84,21.7,2486.43,484.73,2807.85,4.59
72.02,19.58,1612.66,593.91,3410.45,1.9
125.67,40.14,7516.17,878.68,2576.62,17.04
162.27,52.6,6979.54,1202.12,2190.24,10.08
215.04,30.35,6757.02,790.21,2809.17,19.56
123.03,23.65,2856.83,474.37,3578.78,2.01
149.77,58.0,6098.59,1306.68,2873.4,12.5
71.25,23.04,2468.37,373.31,4038.3,4.2
214.49,43.82,7229.7,1377.54,2447.69,12.36
81.89,10.15,2346.02,226.98,4575.13,0.1
76.72,29.03,2654.95,617.91,4062.38,2.41
117.58,54.3,7121.88,1042.19,2304.37,14.43
166.95,48.23,6222.67,682.26,2611.63,8.29
86.8,19.28,2039.54,475.12,4365.5,4.32
100.16,37.98,6045.09,1206.27,2479.85,13.6
116.32,37.0,6978.78,1325.52,2317.99,8.75
96.56,15.31,2194.99,390.6,4099.2,2.4
174.8,56.0,6732.94,1142.73,2790.46,23.08
118.9,35.87,6613.55,1036.77,2745.63,12.54
73.11,22.61,2392.54,315.16,3954.02,3.01
99.96,14.05,2643.79,499.81,3022.48,1.51
73.23,28.96,2292.92,452.25,4077.66,1.76
253.94,69.26,4472.23,2981.97,1167.9,10.09
157.69,43.21,7645.7,1111.81,2588.97,17.61
75.04,28.6,2266.04,295.08,4183.76,3.05
153.34,46.6,7771.88,1142.99,2318.24,17.62
146.32,57.35,8128.75,1534.3,2481.34,19.02
97.8,21.94,2463.32,300.19,3186.5,2.48
84.39,14.59,2700.06,189.99,3969.98,5.23
254.55,60.89,4917.85,2763.65,1007.95,7.4
68.3,24.22,2308.5,244.44,4520.22,2.44
55.15,42.7,3242.66,758.26,4145.48,3.45
50.49,33.44,3171.47,399.11,4042.23,4.64
221.69,60.86,4963.09,3290.91,1255.3,10.0
191.75,62.37,5048.95,1039.26,2754.45,16.06
102.85,5.07,1756.27,453.55,4199.66,3.4
80.0,25.68,2314.17,337.08,3510.63,2.77
64.97,19.55,2429.85,523.42,4274.84,1.68
92.52,23.37,2339.28,242.41,3126.55,4.36
74.06,10.91,2405.2,498.31,3788.05,3.78
61.89,20.06,2982.64,377.48,4661.37,2.72
72.27,5.43,1862.1,645.37,4372.58,2.43
190.18,36.46,6592.83,1214.93,2782.39,14.31
268.31,64.24,4176.71,3403.87,1287.59,10.06
145.63,39.83,7938.5,1415.93,2400.61,16.05
166.57,44.16,6444.23,1409.65,3042.79,17.99
175.6,53.61,5756.99,1262.18,2686.62,16.0
106.32,21.6,2575.73,527.87,4015.7,4.09
97.86,21.23,2570.48,606.09,3690.11,4.39
66.43,14.31,2803.81,500.79,4136.21,2.02
72.35,7.18,3139.42,392.03,4644.04,2.82
97.75,9.95,2397.46,308.75,4053.58,3.09
83.38,21.57,2024.31,617.82,3989.72,3.27
88.61,28.75,2969.38,400.47,3971.48,4.23
78.66,24.18,2402.78,168.26,4218.0,2.26
48.42,30.13,2802.63,417.37,3990.1,3.62
67.07,18.95,3337.28,441.86,3679.46,1.77
93.41,21.85,2213.58,257.49,4106.9,2.5
82.86,18.61,2187.54,191.82,3484.02,4.12
91.4,24.23,3068.2,429.44,3647.11,2.75
99.77,25.35,3219.49,290.05,3992.86,3.95
142.44,48.39,7374.15,913.82,2775.54,19.88
64.61,21.12,2781.37,293.81,4276.78,4.82
256.28,63.82,4557.84,3790.31,1333.44,7.03
159.99,37.58,6342.06,554.0,2173.11,15.97
97.3,23.98,1942.2,458.44,3758.84,3.24
161.12,49.41,7740.97,1570.74,2687.69,15.81
256.82,69.8,4390.45,3889.02,1102.11,7.87
87.0,24.7,1787.54,564.48,3656.98,2.03
234.93,61.13,4324.24,4224.98,985.38,9.71
151.43,47.66,6788.39,1451.68,2279.75,14.47
166.21,34.44,6747.14,1634.55,1911.21,15.32
180.69,43.19,7800.47,821.95,2704.62,14.78
77.41,13.03,2510.08,640.65,4486.03,1.23
67.93,23.0,2539.95,199.81,4884.08,4.17
78.34,25.48,2294.09,157.49,4373.31,4.45
79.04,12.14,2721.36,377.92,4018.39,3.39
155.84,51.13,7775.57,1169.02,2264.87,16.16
64.64,28.34,2758.4,247.83,4369.84,2.02
88.3,15.53,1697.02,673.08,4518.58,3.19
233.06,69.75,4915.17,3471.93,1166.86,9.1
82.63,15.74,2267.99,301.65,3016.34,4.37
85.07,18.32,2416.61,439.64,3540.89,3.14
135.42,42.57,7404.38,1092.89,2593.39,17.87
244.71,75.95,3760.71,3470.23,962.41,6.02
79.44,15.56,2500.92,319.1,4421.92,3.86
74.58,11.15,2336.28,446.1,3671.66,0.56
71.59,23.99,2618.63,545.44,3445.94,3.81
63.62,28.27,3179.77,538.53,4237.79,3.16
77.52,18.94,2786.35,751.55,4447.46,1.2
221.51,56.94,4985.79,4038.17,1145.57,12.28
280.76,57.82,3349.04,2670.64,1080.26,8.95
76.9,18.88,2224.45,514.94,4191.58,3.95
179.64,50.08,6366.06,1084.81,2309.39,13.29
60.96,17.92,2728.8,310.54,3410.54,3.0
92.83,14.97,2188.47,540.62,4250.84,2.9
120.1,45.99,8138.2,865.04,2665.69,9.54
83.12,23.84,1720.18,343.65,3012.02,1.13
86.25,7.45,2902.37,362.84,3869.85,3.68
141.57,41.77,5797.62,1419.23,2411.47,14.1
234.33,60.87,4069.79,3602.41,1046.82,10.38
105.98,55.99,6344.59,1278.38,2756.36,20.24
239.96,55.24,3788.87,3785.2,1477.01,8.86
100.33,23.3,2459.49,517.39,4391.68,1.7
248.54,74.38,4075.08,3683.67,1331.6,7.55
287.72,71.39,4203.8,2987.83,996.02,9.23
145.82,51.4,7848.17,1467.11,3009.99,17.63
228.58,54.38,4816.39,3652.08,1054.95,9.84
100.77,23.24,2162.27,435.78,3989.95,3.17
79.15,15.13,2843.83,553.23,3991.5,2.36
78.53,25.33,2275.38,568.36,3827.43,0.69
271.14,61.73,4030.06,3478.28,1568.3,4.85
56.04,14.58,2500.53,758.82,3807.77,2.61
69.36,9.02,2572.5,525.9,4175.58,3.41
150.53,53.01,7124.15,1082.4,2770.68,10.11
245.48,55.66,5377.67,3688.59,1411.4,6.85
147.53,36.92,6703.99,1001.41,2743.96,12.45
191.81,52.31,8113.97,1087.44,2325.98,15.59
231.84,62.57,5089.65,3692.4,1212.34,7.36
221.96,75.46,4785.3,3797.31,1094.98,5.71
127.54,37.37,7358.17,1341.72,2252.38,9.67
82.78,27.46,2597.46,251.07,3834.61,2.97
77.77,22.66,2701.3,286.19,3599.24,4.44
156.97,50.05,6424.68,901.7,2602.18,17.66
237.1,65.65,4212.09,3936.6,1501.53,8.69
226.98,65.32,4017.54,3104.16,1436.94,8.08
154.8,39.12,5653.25,1807.08,2098.42,14.81
269.27,68.45,5100.61,3959.71,1186.54,10.05
74.63,20.33,2583.04,515.77,3965.18,3.48
117.2,70.54,6565.86,1279.76,2598.36,17.44
73.8,20.32,2507.21,162.46,3102.18,3.17
72.13,36.16,2307.29,577.64,3746.5,2.74
56.81,16.3,2038.52,222.05,3872.53,2.88
236.46,75.61,4007.14,3392.44,1104.39,8.99
240.61,67.58,4560.15,2788.51,1388.36,10.1
165.84,43.19,6820.12,1194.22,2431.18,11.82
60.6,14.54,2382.3,348.23,3485.01,1.73
100.56,8.53,2497.78,403.93,3887.57,2.23
160.49,44.7,7963.11,802.19,2030.56,12.46
82.18,22.65,1957.23,488.09,3699.03,1.68
62.05,37.4,3439.63,280.58,3815.53,4.26
140.3,61.5,7868.63,1077.89,2126.28,21.66
114.54,42.53,6593.49,1130.88,2640.78,14.63
192.56,50.42,6306.3,1385.1,2955.79,17.33
233.95,68.05,4781.48,2936.62,1391.77,7.72
80.45,17.71,1895.25,443.73,4329.53,2.32
78.06,22.35,2447.13,463.27,3616.57,3.11
104.74,34.35,3040.43,645.26,4124.16,2.79
82.15,17.23,2345.06,238.02,3643.21,4.54
155.62,45.66,6559.57,1209.84,2600.52,10.04
57.21,14.43,2307.67,337.39,2947.63,3.5
60.24,12.0,2306.33,472.04,3792.69,2.36
86.01,20.98,2231.01,422.04,3755.56,2.35
239.63,58.81,4601.73,3695.75,1356.62,12.15
168.06,33.75,7000.42,910.87,2703.74,15.79
233.59,67.01,4336.99,3461.58,1306.35,4.71
90.82,19.26,1778.45,416.77,3400.52,1.1
260.27,61.89,4940.82,3677.71,1366.31,7.61
179.91,55.38,7444.48,1404.06,2231.4,16.23
51.36,14.16,2147.7,299.92,3863.14,3.33
109.03,20.2,3170.95,392.66,3362.16,3.17
217.85,66.22,4764.9,3250.07,1297.53,7.7
62.27,13.04,2517.74,513.47,3863.79,4.1
212.32,21.63,7005.14,1338.65,2293.08,13.33
132.37,56.94,7230.95,1584.49,2649.91,11.61
225.26,57.76,4788.54,3574.71,971.17,5.81
49.61,14.2,3042.23,392.52,4253.08,3.04
165.0,51.82,8566.68,1502.25,2160.73,13.9
161.4,27.62,6384.69,1269.02,2439.55,12.81
180.96,46.52,6737.68,1408.04,2504.69,14.44
85.42,6.22,2792.78,497.85,3574.17,2.64
173.31,33.34,6023.43,972.45,2594.85,12.12
71.16,23.41,2860.21,519.7,4108.9,3.03
201.54,42.45,7536.38,923.44,2824.53,15.77
65.53,21.7,3316.83,464.83,2875.28,3.38
188.27,48.88,6016.36,994.61,2642.09,9.89
77.95,9.97,2275.7,471.9,4017.01,2.43
113.03,36.95,7844.85,418.74,2598.35,18.54
78.87,6.64,2286.91,381.4,4074.67,1.48
253.46,70.9,5018.77,3067.58,1049.76,4.81
115.75,30.85,7186.57,1205.88,2194.1,20.06
215.5,63.42,4666.16,4478.3,1354.78,11.47
273.17,64.46,4935.56,4524.03,1229.48,5.22
94.07,10.56,2468.71,505.22,4418.92,3.1
164.14,49.09,5923.3,1563.58,2302.65,12.15
83.51,14.29,2344.66,315.04,4167.22,1.65
218.99,64.94,4819.3,3578.34,1116.72,8.64
105.98,38.98,6881.78,922.73,2039.33,15.28
83.47,24.65,2051.5,554.41,3332.07,3.21
83.19,7.09,2233.26,272.14,3545.62,3.67
163.96,44.83,6892.55,866.56,2522.79,16.89
287.32,64.91,4256.2,3697.33,1251.41,6.62
163.54,46.56,6275.41,764.65,3061.29,11.69
133.91,40.72,7663.58,1399.78,2679.64,17.06
73.05,2.55,1930.53,561.15,3632.44,2.34
254.65,64.2,4627.21,3921.46,1416.56,5.35
162.7,41.52,6008.59,869.95,2936.75,18.89
193.74,56.82,7716.03,1380.96,2155.52,19.69
201.41,40.71,8440.41,872.49,2921.01,14.65
227.14,71.19,4688.65,3511.9,1285.89,10.73
70.82,22.46,2445.08,658.93,3781.92,1.22
240.79,62.63,4683.3,2421.25,1243.38,9.3
162.7,42.06,7339.25,1120.0,2486.38,11.11
251.74,66.0,4788.28,3055.77,1122.36,4.89
144.66,39.85,6627.75,608.97,2666.65,19.69
132.45,50.57,7213.7,929.81,2110.13,15.43
149.85,48.49,6650.89,1807.29,2352.06,13.76
114.66,42.75,5670.01,895.47,2766.19,17.46
88.61,10.04,2579.77,492.96,4596.66,3.82
132.04,39.27,8289.78,1212.28,2163.24,16.5
133.43,52.64,7406.98,1391.52,2748.92,15.07
239.4,66.4,5343.57,3784.38,1288.6,7.48
151.9,39.02,7648.65,1273.95,2722.8,12.59
77.21,20.5,3024.47,371.76,4478.15,4.17
82.35,30.16,2806.35,691.78,3153.86,4.67
245.61,65.57,4436.04,3788.67,1579.04,7.3
257.23,62.8,4234.75,2439.61,1298.78,7.06
98.01,34.87,2753.46,431.42,3503.21,4.9
78.6,28.55,2509.05,221.95,4799.16,3.14
98.74,27.49,2667.88,326.73,4207.92,2.77
179.92,45.35,7772.32,1153.23,2290.97,9.26
281.58,67.58,3966.19,3190.48,1233.32,9.79
159.35,38.38,7735.32,1269.21,2285.27,14.55
56.35,24.85,2705.95,276.69,3650.29,2.77
264.77,61.04,4692.03,3365.69,1192.58,11.37
261.74,59.97,4118.37,3568.35,1379.26,11.27
242.16,66.79,5261.56,3737.24,1407.32,9.47
115.7,41.87,7524.72,997.29,2410.1,8.74
148.61,42.83,7208.26,1367.31,2641.6,16.87
88.31,19.4,2645.59,0.0,4039.48,3.7
135.49,43.03,7212.29,1011.22,2638.96,18.67
65.72,19.02,2544.21,486.6,5190.86,2.66
256.63,67.22,4223.18,3579.23,1117.17,9.09
69.32,21.49,2462.07,394.82,3894.31,4.57
60.86,10.67,2390.98,584.5,4591.99,1.42
232.21,65.12,4509.21,3783.1,1219.22,9.52
150.08,56.3,6686.68,1375.32,2122.45,10.45
278.06,60.91,4168.69,2960.73,1219.95,9.28
66.78,20.72,2165.58,175.41,3793.76,3.57
279.07,65.92,4885.43,3400.99,836.42,7.8
81.17,18.87,1926.93,641.43,3243.74,2.17
139.06,39.46,6639.85,1278.08,2420.97,15.6
160.48,38.57,6799.96,1104.69,2571.82,12.73
153.13,51.23,8520.95,1312.92,2283.48,16.16
84.76,21.63,2799.96,239.47,3847.41,1.95
96.33,19.35,2037.15,370.65,3685.67,2.88
71.54,23.75,2338.26,328.87,4011.6,4.67
67.3,23.48,3247.53,431.59,3785.58,0.79
64.25,26.97,1543.22,551.07,4892.39,2.57
74.33,29.12,1701.79,362.09,3726.05,2.92
88.75,27.05,2264.04,593.69,3439.12,2.72
123.37,47.39,6369.77,1068.98,2525.77,16.45
174.1,41.09,6921.13,1414.61,2837.31,12.77
75.99,23.2,2501.69,0.0,3670.48,3.23
56.97,26.11,1545.23,371.37,3076.71,4.71
51.95,17.09,2592.74,274.17,4040.54,3.04
75.67,22.43,2684.11,530.92,4170.83,2.83
93.15,11.79,2889.24,253.23,4299.79,5.1
65.53,31.26,2238.44,574.96,3835.26,3.72
146.65,40.02,7070.93,1248.01,2578.13,10.9
243.56,63.39,4307.72,3893.08,1306.25,5.54
84.82,20.36,2246.85,314.4,3897.56,3.69
86.39,17.58,3002.16,488.11,4462.99,3.64
60.61,26.65,2359.66,602.67,3714.84,3.65
191.94,49.11,6085.02,1230.56,2460.56,13.99
95.87,16.86,2063.35,338.97,3258.51,1.64
85.42,14.46,2597.25,361.95,4100.83,3.22
251.35,68.43,4375.52,4252.81,1544.83,7.95
100.99,13.21,2689.22,113.3,3614.13,3.18
74.38,14.22,2201.23,493.51,3735.4,4.13
232.32,56.43,4365.06,3484.18,1469.65,7.96
248.56,73.16,4807.08,3398.01,1242.88,5.41
83.07,20.86,2679.45,454.02,4009.73,4.05
146.75,53.71,7353.55,1364.14,2654.28,15.01
268.63,62.58,4103.56,3523.69,1114.39,6.66
229.74,61.14,5275.58,3543.76,1240.06,6.7
248.46,72.26,4663.46,3752.96,1326.1,8.21
75.75,20.78,2189.05,97.01,5269.69,4.77
100.8,12.65,2921.56,66.94,4549.49,3.49
223.44,61.69,3648.31,2984.02,1347.65,8.45
237.99,61.42,5029.21,3522.29,1136.97,9.23
62.88,26.39,2195.46,556.01,3889.06,3.83
91.36,31.92,2837.91,477.7,4006.73,4.72
111.86,47.55,6637.4,1467.06,2727.04,11.61
200.33,51.97,7951.13,1225.6,2487.15,17.3
213.95,45.92,7240.38,921.15,2426.78,16.81
168.37,58.68,5584.74,1001.9,2619.38,13.82
75.01,14.7,2611.71,657.86,4523.46,2.97
172.37,30.07,7717.47,899.34,2224.75,10.8
133.27,54.74,7899.29,1403.81,2939.25,12.19
249.73,65.23,4365.3,3436.8,1049.38,8.8
82.77,17.41,3081.31,195.25,4089.96,2.37
76.76,27.01,2447.15,402.28,4645.38,4.89
245.09,65.49,3564.6,3249.21,1193.98,9.19
127.4,49.13,7901.36,822.73,2511.38,16.36
93.22,14.53,1956.57,496.84,3400.14,3.7
51.8,17.79,2301.65,370.27,3785.67,3.52
106.95,17.83,2373.06,301.95,4385.4,2.41
131.61,32.5,6127.23,1129.79,2705.0,13.45
76.8,16.7,2116.97,502.48,4510.81,3.31
86.87,14.93,2736.58,419.6,3096.48,2.7
107.27,22.01,2545.26,366.77,4050.4,1.04
80.19,15.0,1763.24,477.83,3949.0,3.34
61.44,20.05,2710.61,352.71,4068.68,4.01
98.28,13.57,2531.92,537.84,4252.51,0.26
253.69,62.47,5220.78,3510.44,1185.12,8.25
89.15,22.32,2581.9,243.97,4249.55,4.69
114.8,11.71,2365.38,358.07,4270.14,2.73
73.95,21.53,2475.57,598.79,3738.21,2.91
86.84,14.9,2691.93,357.52,2962.68,2.08
97.96,19.75,2657.32,365.34,3906.66,4.33
263.13,60.86,4289.51,3780.12,1267.16,7.35
173.74,36.5,7497.26,1685.16,3228.01,15.65
126.67,40.96,6878.98,1295.9,2695.34,12.34
93.71,18.58,2772.54,530.32,3730.62,2.76
143.78,36.57,7313.93,1350.2,2557.19,13.19
86.62,4.76,2565.72,420.8,3700.09,2.62
104.43,25.8,2510.93,479.65,4837.43,2.45
69.39,21.81,2655.35,191.09,3937.86,2.39
123.88,37.52,4584.39,1198.32,2622.93,15.28
210.81,65.93,3809.95,3529.33,1050.25,5.07
