id,name,description,surface,population,postalCode,departmentId,department,touristAttractions,presidents,indigenousReservations,airports,radios,urbanCenters,higherEducationInstitutions
87,Puerto Nare,,,,,2,,,,,,,,
88,Puerto Triunfo,,,,,2,,,,,,,,
89,Remedios,,,,,2,,,,,,,,
90,Retiro,,,,,2,,,,,,,,
91,Rionegro,"Rionegro es un municipio de Colombia, ubicado en el departamento de Antioquia. Está localizado en el valle de San Nicolás o también llamado Altiplano del Oriente, en la subregión Oriente, siendo la ciudad con mayor población y la que concentra el movimiento económico de la subregión. Está ubicada a tan solo 35 minutos de Medellín, capital del departamento, gracias al túnel de interconexión Aburrá-Oriente. Su nombre oficial es Ciudad Santiago de Arma de Rionegro.",196.0,135465.0,54040,2,,,,,,,,
92,Sabanalarga,,,,,2,,,,,,,,
93,Sabaneta,,,,,2,,,,,,,,
94,Salgar,,,,,2,,,,,,,,
95,San Francisco,,,,,2,,,,,,,,
96,San Jerónimo,,,,,2,,,,,,,,
97,San Luis,,,,,2,,,,,,,,
98,San Pedro,,,,,2,,,,,,,,
99,San Rafael,,,,,2,,,,,,,,
100,San Roque,,,,,2,,,,,,,,
101,San Vicente,,,,,2,,,,,,,,
102,Santa Bárbara,,,,,2,,,,,,,,
103,Santo Domingo,,,,,2,,,,,,,,
104,El Santuario,,,,,2,,,,,,,,
105,Segovia,,,,,2,,,,,,,,
106,Sopetrán,,,,,2,,,,,,,,
107,Támesis,,,,,2,,,,,,,,
108,Tarazá,,,,,2,,,,,,,,
109,Tarso,,,,,2,,,,,,,,
110,Titiribí,,,,,2,,,,,,,,
111,Toledo,,,,,2,,,,,,,,
112,Turbo,"Turbo es un distrito de Colombia localizado en la subregión de Urabá en el departamento de Antioquia. Fue declarado por ley de la república 1883 de 2018 distrito especial portuario, logístico, industrial, turístico y comercial.",3055.0,124552.0,57860,2,,,,,,,,
113,Uramita,,,,,2,,,,,,,,
114,Urrao,,,,,2,,,,,,,,
115,Valdivia,,,,,2,,,,,,,,
116,Valparaíso,,,,,2,,,,,,,,
117,Vegachí,,,,,2,,,,,,,,
118,Venecia,,,,,2,,,,,,,,
119,Yalí,,,,,2,,,,,,,,
120,Yarumal,,,,,2,,,,,,,,
121,Yolombó,,,,,2,,,,,,,,
122,Yondó,,,,,2,,,,,,,,
123,Zaragoza,,,,,2,,,,,,,,
124,San Pedro de Uraba,,,,,2,,,,,,,,
125,Santafé de Antioquia,,,,,2,,,,,,,,
126,Santa Rosa de Osos,,,,,2,,,,,,,,
127,San Andrés de Cuerquía,,,,,2,,,,,,,,
128,Vigía del Fuerte,,,,,2,,,,,,,,
129,San José de La Montaña,,,,,2,,,,,,,,
130,San Juan de Urabá,,,,,2,,,,,,,,
131,El Carmen de Viboral,,,,,2,,,,,,,,
132,San Carlos,,,,,2,,,,,,,,
133,Frontino,,,,,2,,,,,,,,
134,Granada,,,,,2,,,,,,,,
135,Jardín,,,,,2,,,,,,,,
136,Sonsón,,,,,2,,,,,,,,
137,Arauquita,,,,,3,,,,,,,,
138,Cravo Norte,,,,,3,,,,,,,,
139,Fortul,,,,,3,,,,,,,,
140,Puerto Rondón,,,,,3,,,,,,,,
141,Saravena,,,,,3,,,,,,,,
142,Tame,,,,,3,,,,,,,,
143,Arauca,"Arauca, cuyo nombre colonial es Villa de Santa Bárbara de Arauca, es un municipio colombiano, capital del departamento de Arauca. Está localizado sobre el margen sur del río Arauca. Limita con Venezuela al norte, con la cual está conectada mediante el Puente Internacional José Antonio Páez y se comunica por vía terrestre hacia el centro de Colombia mediante la Ruta de los Libertadores",5841.0,96814.0,810001,3,,,,,,,,
144,Barranquilla,"El Área metropolitana de Barranquilla es una conurbación colombiana ubicada en el norte del departamento de Atlántico. Su municipio principal es la capital departamental Barranquilla, y los otros municipios periféricos que la integran son Soledad, Galapa, Puerto Colombia y Malambo. Es la primera conurbación de la Región Caribe, la más densamente poblada y la cuarta del país.",520.0,2326292.0,80001,4,,,,,,,,
145,Baranoa,,,,,4,,,,,,,,
146,Candelaria,,,,,4,,,,,,,,
147,Galapa,,,,,4,,,,,,,,
148,Luruaco,,,,,4,,,,,,,,
149,Malambo,,,,,4,,,,,,,,
150,Manatí,,,,,4,,,,,,,,
151,Piojó,,,,,4,,,,,,,,
152,Polonuevo,,,,,4,,,,,,,,
153,Sabanagrande,,,,,4,,,,,,,,
154,Sabanalarga,"Sabanalarga es un municipio colombiano ubicado en el departamento del Atlántico, y ubicado en la costa caribe de Colombia.",399.0,100328.0,57020,4,,,,,,,,
155,Santa Lucía,,,,,4,,,,,,,,
156,Santo Tomás,,,,,4,,,,,,,,
157,Soledad,,,,,4,,,,,,,,
158,Suan,,,,,4,,,,,,,,
159,Tubará,,,,,4,,,,,,,,
160,Usiacurí,,,,,4,,,,,,,,
161,Juan de Acosta,,,,,4,,,,,,,,
162,Palmar de Varela,,,,,4,,,,,,,,
163,Campo de La Cruz,,,,,4,,,,,,,,
164,Repelón,,,,,4,,,,,,,,
165,Puerto Colombia,,,,,4,,,,,,,,
166,Ponedera,,,,,4,,,,,,,,
167,Bogotá D.C.,"Bogotá, oficialmente Bogotá, Distrito Capital​ (antiguamente, Santafé de Bogotá y originalmente, Santafé),​ es la capital de la República de Colombia y del departamento de Cundinamarca. Está administrada como distrito capital, y goza de autonomía para la gestión de sus intereses dentro de los límites de la Constitución y la ley.12​18​ A diferencia de los demás distritos de Colombia, Bogotá es una entidad territorial de primer orden, con las atribuciones administrativas que la ley confiere a los departamentos",1636.0,7901653.0,110110,5,,,,,,,,
168,Achí,,,,,6,,,,,,,,
169,Arenal,,,,,6,,,,,,,,
170,Arjona,,,,,6,,,,,,,,
171,Arroyohondo,,,,,6,,,,,,,,
172,Calamar,,,,,6,,,,,,,,
173,Cantagallo,,,,,6,,,,,,,,
174,Cicuco,,,,,6,,,,,,,,
175,Córdoba,,,,,6,,,,,,,,
176,Clemencia,,,,,6,,,,,,,,
177,El Guamo,,,,,6,,,,,,,,
178,Magangué,"Magangué es un municipio colombiano localizado a orillas del río Magdalena, en el departamento de Bolívar. Este municipio bolivarense es conocido como ""La Ciudad de los Ríos"", ya que en este lugar del país desembocan los ríos Cauca y San Jorge en el Magdalena. Fue fundado en 1610 por Diego de Carvajal, y refundada un 28 de octubre de 1776 por el militar español Antonio de la Torre y Miranda.",1568.0,128000.0,132511,6,,,,,,,,
179,Mahates,,,,,6,,,,,,,,
180,Margarita,,,,,6,,,,,,,,
181,Montecristo,,,,,6,,,,,,,,
182,Mompós,,,,,6,,,,,,,,
183,Morales,,,,,6,,,,,,,,
184,Norosí,,,,,6,,,,,,,,
185,Pinillos,,,,,6,,,,,,,,
186,Regidor,,,,,6,,,,,,,,
187,Río Viejo,,,,,6,,,,,,,,
188,San Estanislao,,,,,6,,,,,,,,
189,San Fernando,,,,,6,,,,,,,,
190,San Juan Nepomuceno,,,,,6,,,,,,,,
191,Santa Catalina,,,,,6,,,,,,,,
192,Santa Rosa,,,,,6,,,,,,,,
193,Simití,,,,,6,,,,,,,,
194,Soplaviento,,,,,6,,,,,,,,
195,Talaigua Nuevo,,,,,6,,,,,,,,
196,Tiquisio,,,,,6,,,,,,,,
197,Turbaco,,,,,6,,,,,,,,
198,Turbaná,,,,,6,,,,,,,,
199,Villanueva,,,,,6,,,,,,,,
200,Barranco de Loba,,,,,6,,,,,,,,
201,Santa Rosa del Sur,,,,,6,,,,,,,,
202,Hatillo de Loba,,,,,6,,,,,,,,
203,El Carmen de Bolívar,"El Carmen de Bolívar es un municipio del departamento de Bolívar, Colombia, ubicado en el sistema orográfico de los Montes de María, siendo la población más grande, así como la que concentra el movimiento económico y comercial de la subregión. Está a 120 km al sudeste de Cartagena de Indias y a 69 km al norte de Sincelejo.",954.0,70131.0,132050,6,,,,,,,,
204,San Martín de Loba,,,,,6,,,,,,,,
205,Altos del Rosario,,,,,6,,,,,,,,
206,San Jacinto del Cauca,,,,,6,,,,,,,,
207,San Pablo de Borbur,,,,,6,,,,,,,,
208,San Jacinto,,,,,6,,,,,,,,
209,El Peñón,,,,,6,,,,,,,,
210,Cartagena,"Cartagena de Indias, oficialmente Distrito Turístico y Cultural de Cartagena de Indias (abreviado Cartagena de Indias, D. T. y C.), es la capital del departamento de Bolívar, al norte de Colombia.6​ Fue fundada el 1 de junio de 1533 por Pedro de Heredia.7​ Desde 1991 Cartagena es un Distrito Turístico y Cultural.8​ La ciudad está ubicada a orillas del mar Caribe",609.0,1028736.0,130000,6,,,,,,,,
211,María la Baja,,,,,6,,,,,,,,
212,San Cristóbal,,,,,6,,,,,,,,
213,Zambrano,,,,,6,,,,,,,,
214,Tununguá,,,,,7,,,,,,,,
215,Motavita,,,,,7,,,,,,,,
216,Ciénega,,,,,7,,,,,,,,
217,Tunja,"Tunja es un municipio colombiano, capital del departamento de Boyacá, situado sobre la cordillera oriental de los Andes a 115 km al noreste de Bogotá. Es la ciudad capital más alta del país. Tunja fue construida sobre Hunza, la capital de la confederación Muisca el 6 de agosto de 1539. Con su título de villa otorgado por la corona española",121.0,180568.0,150001,7,,,,,,,,
218,Almeida,,,,,7,,,,,,,,
219,Aquitania,,,,,7,,,,,,,,
220,Arcabuco,,,,,7,,,,,,,,
221,Berbeo,,,,,7,,,,,,,,
222,Betéitiva,,,,,7,,,,,,,,
223,Boavita,,,,,7,,,,,,,,
224,Boyacá,,,,,7,,,,,,,,
225,Briceño,,,,,7,,,,,,,,
226,Buena Vista,,,,,7,,,,,,,,
227,Busbanzá,,,,,7,,,,,,,,
228,Caldas,,,,,7,,,,,,,,
229,Campohermoso,,,,,7,,,,,,,,
230,Cerinza,,,,,7,,,,,,,,
231,Chinavita,,,,,7,,,,,,,,
232,Chiquinquirá,,,,,7,,,,,,,,
233,Chiscas,,,,,7,,,,,,,,
234,Chita,,,,,7,,,,,,,,
235,Chitaraque,,,,,7,,,,,,,,
236,Chivatá,,,,,7,,,,,,,,
237,Cómbita,,,,,7,,,,,,,,
238,Coper,,,,,7,,,,,,,,
239,Corrales,,,,,7,,,,,,,,
240,Covarachía,,,,,7,,,,,,,,
241,Cubará,,,,,7,,,,,,,,
242,Cucaita,,,,,7,,,,,,,,
243,Cuítiva,,,,,7,,,,,,,,
244,Chíquiza,,,,,7,,,,,,,,
245,Chivor,,,,,7,,,,,,,,
246,Duitama,"Duitama es un municipio colombiano, ubicado en el departamento de Boyacá, en el centro-oriente de Colombia, en la región del Alto Chicamocha. Es la capital y centro urbano de mayor tamaño en la provincia del Tundama. Se le conoce como ""La Capital Cívica de Boyacá"" y ""La Perla de Boyacá"". Es el puerto transportador terrestre más importante del oriente colombiano",266.0,126670.0,150461,7,,,,,,,,
247,El Cocuy,,,,,7,,,,,,,,
248,El Espino,,,,,7,,,,,,,,
249,Firavitoba,,,,,7,,,,,,,,
250,Floresta,,,,,7,,,,,,,,
251,Gachantivá,,,,,7,,,,,,,,
252,Gameza,,,,,7,,,,,,,,
253,Garagoa,,,,,7,,,,,,,,
254,Guacamayas,,,,,7,,,,,,,,
255,Guateque,,,,,7,,,,,,,,
256,Guayatá,,,,,7,,,,,,,,
257,Güicán,,,,,7,,,,,,,,
258,Iza,,,,,7,,,,,,,,
259,Jenesano,,,,,7,,,,,,,,
260,Jericó,,,,,7,,,,,,,,
261,Labranzagrande,,,,,7,,,,,,,,
262,La Capilla,,,,,7,,,,,,,,
263,La Victoria,,,,,7,,,,,,,,
264,Macanal,,,,,7,,,,,,,,
265,Maripí,,,,,7,,,,,,,,
266,Miraflores,,,,,7,,,,,,,,
267,Mongua,,,,,7,,,,,,,,
268,Monguí,,,,,7,,,,,,,,
269,Moniquirá,,,,,7,,,,,,,,
270,Muzo,,,,,7,,,,,,,,
271,Nobsa,,,,,7,,,,,,,,
272,Nuevo Colón,,,,,7,,,,,,,,
273,Oicatá,,,,,7,,,,,,,,
274,Otanche,,,,,7,,,,,,,,
275,Pachavita,,,,,7,,,,,,,,
276,Páez,,,,,7,,,,,,,,
277,Paipa,,,,,7,,,,,,,,
278,Pajarito,,,,,7,,,,,,,,
279,Panqueba,,,,,7,,,,,,,,
280,Pauna,,,,,7,,,,,,,,
281,Paya,,,,,7,,,,,,,,
282,Pesca,,,,,7,,,,,,,,
283,Pisba,,,,,7,,,,,,,,
284,Puerto Boyacá,,,,,7,,,,,,,,
285,Quípama,,,,,7,,,,,,,,
286,Ramiriquí,,,,,7,,,,,,,,
287,Ráquira,,,,,7,,,,,,,,
288,Rondón,,,,,7,,,,,,,,
289,Saboyá,,,,,7,,,,,,,,
290,Sáchica,,,,,7,,,,,,,,
291,Samacá,,,,,7,,,,,,,,
292,San Eduardo,,,,,7,,,,,,,,
293,San Mateo,,,,,7,,,,,,,,
294,Santana,,,,,7,,,,,,,,
295,Santa María,,,,,7,,,,,,,,
296,Santa Sofía,,,,,7,,,,,,,,
297,Sativanorte,,,,,7,,,,,,,,
298,Sativasur,,,,,7,,,,,,,,
299,Siachoque,,,,,7,,,,,,,,
300,Soatá,,,,,7,,,,,,,,
301,Socotá,,,,,7,,,,,,,,
302,Socha,,,,,7,,,,,,,,
303,Sogamoso,"Sogamoso es un municipio colombiano situado en el centro-oriente del departamento de Boyacá en la región del Alto Chicamocha. Es la capital de la Provincia de Sugamuxi, se encuentra a 228,5 km al noreste de Bogotá, la capital del país, y a 75,8 km de Tunja, la capital del departamento. Posee una altitud de 2.569 m, tiene temperaturas promedio de 17 °C",208.0,132059.0,152210,7,,,,,,,,
304,Somondoco,,,,,7,,,,,,,,
305,Sora,,,,,7,,,,,,,,
306,Sotaquirá,,,,,7,,,,,,,,
307,Soracá,,,,,7,,,,,,,,
308,Susacón,,,,,7,,,,,,,,
309,Sutamarchán,,,,,7,,,,,,,,
310,Sutatenza,,,,,7,,,,,,,,
311,Tasco,,,,,7,,,,,,,,
312,Tenza,,,,,7,,,,,,,,
313,Tibaná,,,,,7,,,,,,,,
314,Tinjacá,,,,,7,,,,,,,,
315,Tipacoque,,,,,7,,,,,,,,
316,Toca,,,,,7,,,,,,,,
317,Tópaga,,,,,7,,,,,,,,
318,Tota,,,,,7,,,,,,,,
319,Turmequé,,,,,7,,,,,,,,
320,Tutazá,,,,,7,,,,,,,,
321,Umbita,,,,,7,,,,,,,,
322,Ventaquemada,,,,,7,,,,,,,,
323,Viracachá,,,,,7,,,,,,,,
324,Zetaquira,,,,,7,,,,,,,,
325,Togüí,,,,,7,,,,,,,,
326,Villa de Leyva,,,,,7,,,,,,,,
327,Paz de Río,,,,,7,,,,,,,,
328,Santa Rosa de Viterbo,,,,,7,,,,,,,,
329,San Pablo de Borbur,,,,,7,,,,,,,,
330,San Luis de Gaceno,,,,,7,,,,,,,,
331,San José de Pare,,,,,7,,,,,,,,
332,San Miguel de Sema,,,,,7,,,,,,,,
333,Tuta,,,,,7,,,,,,,,
334,Tibasosa,,,,,7,,,,,,,,
335,La Uvita,,,,,7,,,,,,,,
336,Belén,,,,,7,,,,,,,,
337,Manizales,"Manizales es un municipio colombiano, capital del departamento de Caldas. Está ubicado en el centro occidente de Colombia en la región paisa, así como en el eje cafetero, sobre la Cordillera Central de los Andes, cerca del Nevado del Ruiz. Tiene una población de 454,077 habitantes (2022). Es la región más poblada y competitiva del departamento con un aporte del 68% de su PIB total.",571.0,454077.0,170001,8,,,,,,,,
338,Aguadas,,,,,8,,,,,,,,
339,Anserma,,,,,8,,,,,,,,
340,Aranzazu,,,,,8,,,,,,,,
341,Belalcázar,,,,,8,,,,,,,,
342,Chinchiná,,,,,8,,,,,,,,
343,Filadelfia,,,,,8,,,,,,,,
344,La Dorada,,,,,8,,,,,,,,
345,La Merced,,,,,8,,,,,,,,
346,Manzanares,,,,,8,,,,,,,,
347,Marmato,,,,,8,,,,,,,,
348,Marulanda,,,,,8,,,,,,,,
349,Neira,,,,,8,,,,,,,,
350,Norcasia,,,,,8,,,,,,,,
351,Pácora,,,,,8,,,,,,,,
352,Palestina,,,,,8,,,,,,,,
353,Pensilvania,,,,,8,,,,,,,,
354,Riosucio,,,,,8,,,,,,,,
355,Risaralda,,,,,8,,,,,,,,
356,Salamina,,,,,8,,,,,,,,
357,Samaná,,,,,8,,,,,,,,
358,San José,,,,,8,,,,,,,,
359,Supía,,,,,8,,,,,,,,
360,Victoria,,,,,8,,,,,,,,
361,Villamaría,,,,,8,,,,,,,,
362,Viterbo,,,,,8,,,,,,,,
363,Marquetalia,,,,,8,,,,,,,,
364,Florencia,"Florencia es un municipio colombiano, capital del departamento de Caquetá. Es el municipio más poblado de la región amazónica por su número de habitantes.5​ Es conocido como «La Puerta de Oro de la Amazonía Colombiana»",2292.0,173011.0,180001,9,,,,,,,,
365,Albania,,,,,9,,,,,,,,
366,Curillo,,,,,9,,,,,,,,
367,El Doncello,,,,,9,,,,,,,,
368,El Paujil,,,,,9,,,,,,,,
369,Morelia,,,,,9,,,,,,,,
370,Puerto Rico,,,,,9,,,,,,,,
371,Solano,,,,,9,,,,,,,,
372,Solita,,,,,9,,,,,,,,
373,Valparaíso,,,,,9,,,,,,,,
374,San José del Fragua,,,,,9,,,,,,,,
375,Belén de Los Andaquies,,,,,9,,,,,,,,
376,Cartagena del Chairá,,,,,9,,,,,,,,
377,Milán,,,,,9,,,,,,,,
378,La Montañita,,,,,9,,,,,,,,
379,San Vicente del Caguán,,,,,9,,,,,,,,
380,Yopal,"Yopal es un municipio colombiano, capital del departamento de Casanare. Su extensión territorial es de 2595 kilómetros cuadrados,4​ y se sitúa a 317 kilómetros del distrito capital de Bogotá. Fundada por colonos boyacenses en 1915, es una de las capitales departamentales más jóvenes de Colombia y una de las ciudades que registra más rápido crecimiento poblacional a nivel nacional, en especial después de la separación de Casanare del departamento de Boyacá",2771.0,179355.0,850001,10,,,,,,,,
381,Aguazul,,,,,10,,,,,,,,
382,Chámeza,,,,,10,,,,,,,,
383,Hato Corozal,,,,,10,,,,,,,,
384,La Salina,,,,,10,,,,,,,,
385,Monterrey,,,,,10,,,,,,,,
386,Pore,,,,,10,,,,,,,,
387,Recetor,,,,,10,,,,,,,,
388,Sabanalarga,,,,,10,,,,,,,,
389,Sácama,,,,,10,,,,,,,,
390,Tauramena,,,,,10,,,,,,,,
391,Trinidad,,,,,10,,,,,,,,
392,Villanueva,,,,,10,,,,,,,,
394,Paz de Ariporo,,,,,10,,,,,,,,
395,Nunchía,,,,,10,,,,,,,,
396,Maní,,,,,10,,,,,,,,
397,Támara,,,,,10,,,,,,,,
398,Orocué,,,,,10,,,,,,,,
399,Popayán,"Popayán, oficialmente Asunción de Popayán es un municipio colombiano, capital del departamento del Cauca. Se encuentra localizado en el Valle de Pubenza, entre la Cordillera Occidental y Central al suroccidente del país. Su extensión territorial es de 512 km², su altitud media es de 1760 m sobre el nivel del mar, su precipitación media anual de 1941 mm, su temperatura promedio de 14/19 °C y distancia aproximada de 600 km a Bogotá, capital de Colombia.",512.0,318059.0,190001,11,,,,,,,,
400,Almaguer,,,,,11,,,,,,,,
401,Argelia,,,,,11,,,,,,,,
402,Balboa,,,,,11,,,,,,,,
403,Bolívar,,,,,11,,,,,,,,
404,Buenos Aires,,,,,11,,,,,,,,
405,Cajibío,,,,,11,,,,,,,,
406,Caldono,,,,,11,,,,,,,,
407,Caloto,,,,,11,,,,,,,,
408,Corinto,,,,,11,,,,,,,,
409,El Tambo,,,,,11,,,,,,,,
410,Florencia,,,,,11,,,,,,,,
411,Guachené,,,,,11,,,,,,,,
412,Guapi,,,,,11,,,,,,,,
413,Inzá,,,,,11,,,,,,,,
414,Jambaló,,,,,11,,,,,,,,
415,La Sierra,,,,,11,,,,,,,,
416,La Vega,,,,,11,,,,,,,,
417,López,,,,,11,,,,,,,,
418,Mercaderes,,,,,11,,,,,,,,
419,Miranda,,,,,11,,,,,,,,
420,Morales,,,,,11,,,,,,,,
421,Padilla,,,,,11,,,,,,,,
422,Patía,,,,,11,,,,,,,,
423,Piamonte,,,,,11,,,,,,,,
424,Piendamó,,,,,11,,,,,,,,
425,Puerto Tejada,,,,,11,,,,,,,,
426,Puracé,,,,,11,,,,,,,,
427,Rosas,,,,,11,,,,,,,,
428,Santa Rosa,,,,,11,,,,,,,,
429,Silvia,,,,,11,,,,,,,,
430,Sotara,,,,,11,,,,,,,,
431,Suárez,,,,,11,,,,,,,,
432,Sucre,,,,,11,,,,,,,,
433,Timbío,,,,,11,,,,,,,,
434,Timbiquí,,,,,11,,,,,,,,
435,Toribio,,,,,11,,,,,,,,
436,Totoró,,,,,11,,,,,,,,
437,Villa Rica,,,,,11,,,,,,,,
756,Puerto López,,,,,21,,,,,,,,
757,Puerto Lleras,,,,,21,,,,,,,,
758,Puerto Rico,,,,,21,,,,,,,,
438,Santander de Quilichao,"Santander de Quilichao es un municipio colombiano ubicado en el sector norte del departamento del Cauca, a 97 km al norte de Popayán y a 45 km al sur de Cali. Límites: al norte con los Municipios de Villa Rica y Jamundí, al Occidente con el municipio de Buenos Aires, al oriente con los municipios de Caloto y Jambaló y al sur con el Municipio de Caldono",518.0,95041.0,191030,11,,,,,,,,
439,San Sebastián,,,,,11,,,,,,,,
440,Páez,,,,,11,,,,,,,,
441,Valledupar,"Valledupar, también llamada Ciudad de los Santos Reyes del Valle de Upar, es un municipio colombiano, capital del departamento del Cesar. Es la cabecera del municipio homónimo, el cual tiene una extensión de 149 km², 559.462 habitantes y junto a su área metropolitana reúne 691.266 habitantes;1​ está conformado por 25 corregimientos y 102 veredas.",30000.0,559462.0,200001,12,,,,,,,,
442,Aguachica,"Aguachica es un municipio del departamento de Cesar, Colombia, ubicado entre el valle interandino del Magdalena Medio y la Serranía de los Motilones. Es el segundo municipio más poblado del departamento e importante centro ganadero y comercial de la zona sur del caribe colombiano.",5324.0,120000.0,205010,12,,,,,,,,
443,Agustín Codazzi,,,,,12,,,,,,,,
444,Astrea,,,,,12,,,,,,,,
445,Becerril,,,,,12,,,,,,,,
446,Bosconia,,,,,12,,,,,,,,
447,Chimichagua,,,,,12,,,,,,,,
448,Chiriguaná,,,,,12,,,,,,,,
449,Curumaní,,,,,12,,,,,,,,
450,El Copey,,,,,12,,,,,,,,
451,El Paso,,,,,12,,,,,,,,
452,Gamarra,,,,,12,,,,,,,,
453,González,,,,,12,,,,,,,,
454,La Gloria,,,,,12,,,,,,,,
455,Manaure,,,,,12,,,,,,,,
456,Pailitas,,,,,12,,,,,,,,
457,Pelaya,,,,,12,,,,,,,,
458,Pueblo Bello,,,,,12,,,,,,,,
459,La Paz,,,,,12,,,,,,,,
460,San Alberto,,,,,12,,,,,,,,
461,San Diego,,,,,12,,,,,,,,
462,San Martín,,,,,12,,,,,,,,
463,Tamalameque,,,,,12,,,,,,,,
464,Río de Oro,,,,,12,,,,,,,,
465,La Jagua de Ibirico,,,,,12,,,,,,,,
466,Istmina,,,,,13,,,,,,,,
467,Quibdó,"Quibdó es un municipio colombiano, capital del departamento del Chocó y una de las poblaciones más importantes en la Región del Pacífico Colombiano. La ciudad está ubicada en una de las regiones más biodiversas de Colombia, cerca de grandes reservas ecológicas como el parque nacional natural Emberá. También es una de las regiones con mayor número de reservas indígenas. ",3337.0,116087.0,270001,13,,,,,,,,
468,Acandí,,,,,13,,,,,,,,
469,Alto Baudo,,,,,13,,,,,,,,
470,Atrato,,,,,13,,,,,,,,
471,Bagadó,,,,,13,,,,,,,,
472,Bahía Solano,,,,,13,,,,,,,,
473,Bajo Baudó,,,,,13,,,,,,,,
474,Bojaya,,,,,13,,,,,,,,
475,Cértegui,,,,,13,,,,,,,,
476,Condoto,,,,,13,,,,,,,,
477,Juradó,,,,,13,,,,,,,,
478,Lloró,,,,,13,,,,,,,,
479,Medio Atrato,,,,,13,,,,,,,,
480,Medio Baudó,,,,,13,,,,,,,,
481,Medio San Juan,,,,,13,,,,,,,,
482,Nóvita,,,,,13,,,,,,,,
483,Nuquí,,,,,13,,,,,,,,
484,Río Iro,,,,,13,,,,,,,,
485,Río Quito,,,,,13,,,,,,,,
486,Riosucio,,,,,13,,,,,,,,
487,Sipí,,,,,13,,,,,,,,
488,Unguía,,,,,13,,,,,,,,
489,El Litoral del San Juan,,,,,13,,,,,,,,
490,El Cantón del San Pablo,,,,,13,,,,,,,,
491,El Carmen de Atrato,,,,,13,,,,,,,,
492,San José del Palmar,,,,,13,,,,,,,,
493,Belén de Bajira,,,,,13,,,,,,,,
494,Carmen del Darien,,,,,13,,,,,,,,
495,Tadó,,,,,13,,,,,,,,
496,Unión Panamericana,,,,,13,,,,,,,,
497,San Bernardo del Viento,,,,,14,,,,,,,,
498,Montería,"Montería es un municipio colombiano, capital del departamento de Córdoba. Está ubicado al noroccidente del país en la región Caribe Colombiana, se encuentra a orillas del río Sinú, por lo que es conocida como la ""Perla del Sinú"". Es considerada la capital ganadera de Colombia;5​ anualmente celebra la feria de la Ganadería durante el mes de junio. Es además, un importante centro comercial y universitario, reconocida como una de las ciudades colombianas con mayor crecimiento y desarrollo en los últimos años y por impulsar el desarrollo sostenible",3141.0,512994.0,230001,14,,,,,,,,
499,Ayapel,,,,,14,,,,,,,,
500,Buenavista,,,,,14,,,,,,,,
501,Canalete,,,,,14,,,,,,,,
502,Cereté,,,,,14,,,,,,,,
503,Chimá,,,,,14,,,,,,,,
504,Chinú,,,,,14,,,,,,,,
505,Cotorra,,,,,14,,,,,,,,
506,Lorica,"Santa Cruz de Lorica o simplemente Lorica, es un municipio del departamento de Córdoba, Colombia. Es conocida como Ciudad Antigua y Señorial, La capital del Bajo Sinú y La capital de Bocachico. Está ubicada en la porción septentrional del departamento de Córdoba y en la zona más baja del río Sinú, muy próxima al mar Caribe.",1033.0,115461.0,231020,14,,,,,,,,
507,Los Córdobas,,,,,14,,,,,,,,
508,Momil,,,,,14,,,,,,,,
509,Moñitos,,,,,14,,,,,,,,
510,Planeta Rica,,,,,14,,,,,,,,
511,Pueblo Nuevo,,,,,14,,,,,,,,
512,Puerto Escondido,,,,,14,,,,,,,,
513,Purísima,,,,,14,,,,,,,,
514,Sahagún,,,,,14,,,,,,,,
515,San Andrés Sotavento,,,,,14,,,,,,,,
516,San Antero,,,,,14,,,,,,,,
517,San Pelayo,,,,,14,,,,,,,,
518,Tierralta,,,,,14,,,,,,,,
519,Tuchín,,,,,14,,,,,,,,
520,Valencia,,,,,14,,,,,,,,
521,San José de Uré,,,,,14,,,,,,,,
522,Ciénaga de Oro,,,,,14,,,,,,,,
523,San Carlos,,,,,14,,,,,,,,
524,Montelíbano,"Montelíbano es un municipio del sur del departamento de Córdoba, Colombia. Situado sobre la margen derecha del río San Jorge y con una población de 90.4504​ habitantes aproximadamente, es en la actualidad uno de los centros de desarrollo económico, comercial y cultural más importantes de la región.",1890.0,90450.0,234001,14,,,,,,,,
525,La Apartada,,,,,14,,,,,,,,
526,Puerto Libertador,,,,,14,,,,,,,,
527,Anapoima,,,,,15,,,,,,,,
528,Arbeláez,,,,,15,,,,,,,,
529,Beltrán,,,,,15,,,,,,,,
530,Bituima,,,,,15,,,,,,,,
531,Bojacá,,,,,15,,,,,,,,
532,Cabrera,,,,,15,,,,,,,,
533,Cachipay,,,,,15,,,,,,,,
534,Cajicá,,,,,15,,,,,,,,
535,Caparrapí,,,,,15,,,,,,,,
536,Caqueza,,,,,15,,,,,,,,
537,Chaguaní,,,,,15,,,,,,,,
538,Chipaque,,,,,15,,,,,,,,
539,Choachí,,,,,15,,,,,,,,
540,Chocontá,,,,,15,,,,,,,,
541,Cogua,,,,,15,,,,,,,,
542,Cota,,,,,15,,,,,,,,
543,Cucunubá,,,,,15,,,,,,,,
544,El Colegio,,,,,15,,,,,,,,
545,El Rosal,,,,,15,,,,,,,,
546,Fomeque,,,,,15,,,,,,,,
547,Fosca,,,,,15,,,,,,,,
548,Funza,,,,,15,,,,,,,,
549,Fúquene,,,,,15,,,,,,,,
550,Gachala,,,,,15,,,,,,,,
551,Gachancipá,,,,,15,,,,,,,,
552,Gachetá,,,,,15,,,,,,,,
553,Girardot,"Girardot es un municipio colombiano del departamento de Cundinamarca ubicado en la Provincia del Alto Magdalena, de la cual es capital. Limita al norte con los municipios de Nariño y Tocaima, al sur con el municipio de Flandes y el río Magdalena, al oeste con el municipio de Nariño, el río Magdalena y el municipio de Coello y al este con el municipio de Ricaurte y el río Bogotá",129.0,101108.0,252430,15,,,,,,,,
554,Granada,,,,,15,,,,,,,,
555,Guachetá,,,,,15,,,,,,,,
556,Guaduas,,,,,15,,,,,,,,
557,Guasca,,,,,15,,,,,,,,
558,Guataquí,,,,,15,,,,,,,,
559,Guatavita,,,,,15,,,,,,,,
560,Guayabetal,,,,,15,,,,,,,,
561,Gutiérrez,,,,,15,,,,,,,,
562,Jerusalén,,,,,15,,,,,,,,
563,Junín,,,,,15,,,,,,,,
564,La Calera,,,,,15,,,,,,,,
565,La Mesa,,,,,15,,,,,,,,
566,La Palma,,,,,15,,,,,,,,
567,La Peña,,,,,15,,,,,,,,
568,La Vega,,,,,15,,,,,,,,
569,Lenguazaque,,,,,15,,,,,,,,
570,Macheta,,,,,15,,,,,,,,
571,Madrid,,,,,15,,,,,,,,
572,Manta,,,,,15,,,,,,,,
573,Medina,,,,,15,,,,,,,,
574,Mosquera,,,,,15,,,,,,,,
575,Nariño,,,,,15,,,,,,,,
576,Nemocón,,,,,15,,,,,,,,
577,Nilo,,,,,15,,,,,,,,
578,Nimaima,,,,,15,,,,,,,,
579,Nocaima,,,,,15,,,,,,,,
580,Venecia,,,,,15,,,,,,,,
581,Pacho,,,,,15,,,,,,,,
582,Paime,,,,,15,,,,,,,,
583,Pandi,,,,,15,,,,,,,,
584,Paratebueno,,,,,15,,,,,,,,
585,Pasca,,,,,15,,,,,,,,
586,Puerto Salgar,,,,,15,,,,,,,,
587,Pulí,,,,,15,,,,,,,,
588,Quebradanegra,,,,,15,,,,,,,,
589,Quetame,,,,,15,,,,,,,,
590,Quipile,,,,,15,,,,,,,,
591,Apulo,,,,,15,,,,,,,,
592,Ricaurte,,,,,15,,,,,,,,
593,San Bernardo,,,,,15,,,,,,,,
594,San Cayetano,,,,,15,,,,,,,,
595,San Francisco,,,,,15,,,,,,,,
596,Sesquilé,,,,,15,,,,,,,,
597,Sibaté,,,,,15,,,,,,,,
598,Silvania,,,,,15,,,,,,,,
599,Simijaca,,,,,15,,,,,,,,
600,Soacha,,,,,15,,,,,,,,
601,Subachoque,,,,,15,,,,,,,,
602,Suesca,,,,,15,,,,,,,,
603,Supatá,,,,,15,,,,,,,,
604,Susa,,,,,15,,,,,,,,
605,Sutatausa,,,,,15,,,,,,,,
606,Tabio,,,,,15,,,,,,,,
607,Tausa,,,,,15,,,,,,,,
608,Tena,,,,,15,,,,,,,,
609,Tenjo,,,,,15,,,,,,,,
610,Tibacuy,,,,,15,,,,,,,,
611,Tibirita,,,,,15,,,,,,,,
612,Tocaima,,,,,15,,,,,,,,
613,Tocancipá,,,,,15,,,,,,,,
614,Topaipí,,,,,15,,,,,,,,
615,Ubalá,,,,,15,,,,,,,,
616,Ubaque,,,,,15,,,,,,,,
617,Une,,,,,15,,,,,,,,
618,Útica,,,,,15,,,,,,,,
619,Vianí,,,,,15,,,,,,,,
620,Villagómez,,,,,15,,,,,,,,
621,Villapinzón,,,,,15,,,,,,,,
622,Villeta,,,,,15,,,,,,,,
623,Viotá,,,,,15,,,,,,,,
624,Zipacón,,,,,15,,,,,,,,
625,San Juan de Río Seco,,,,,15,,,,,,,,
626,Villa de San Diego de Ubate,,,,,15,,,,,,,,
627,Guayabal de Siquima,,,,,15,,,,,,,,
628,San Antonio del Tequendama,,,,,15,,,,,,,,
629,Agua de Dios,,,,,15,,,,,,,,
630,Carmen de Carupa,,,,,15,,,,,,,,
631,Vergara,,,,,15,,,,,,,,
632,Albán,,,,,15,,,,,,,,
633,Anolaima,,,,,15,,,,,,,,
634,Chía,,,,,15,,,,,,,,
635,El Peñón,,,,,15,,,,,,,,
636,Sopó,,,,,15,,,,,,,,
637,Gama,,,,,15,,,,,,,,
638,Sasaima,,,,,15,,,,,,,,
639,Yacopí,,,,,15,,,,,,,,
640,Fusagasugá,"Fusagasugá es un municipio colombiano, capital de la Provincia del Sumapaz, ubicado en el departamento de Cundinamarca. Con una población proyectada en el año 2020 de 147.631 habitantes, es el tercer municipio más poblado del departamento después de Soacha y Bogotá (Anexo), también es el cuadragésimo quinto del país.",239.0,147631.0,252211,15,,,,,,,,
641,Zipaquirá,"Zipaquirá es un municipio de Colombia ubicado en el departamento de Cundinamarca, en la provincia de Sabana Centro, de la que es capital y sede de su diócesis. Se encuentra a 29 kilómetros de Bogotá, hace parte de su área metropolitana; a 450 kilómetros de Medellín, y a 117 kilómetros de Tunja.",197.0,132465.0,250251,15,,,,,,,,
642,Facatativá,"Facatativá es un municipio colombiano del departamento de Cundinamarca. Es la capital de la Provincia de Sabana Occidente. Hace parte del Área Metropolitana de Bogotá, según el censo DANE de 2015. Se encuentra ubicado a 36 km de Bogotá, cerca de la carretera que de esta conduce a Medellín. Posee especies tanto de flora como de fauna ya extintas en otros lugares del Altiplano Cundiboyacense",158.0,167309.0,253051,15,,,,,,,,
644,Inírida,"Inírida (antes llamado Puerto Inírida) es un municipio de Colombia, capital del departamento del Guainía y su ciudad más poblada. La temperatura promedio es de 25 ",17000.0,19816.0,940001,16,,,,,,,,
645,Barranco Minas,,,,,16,,,,,,,,
646,Mapiripana,,,,,16,,,,,,,,
647,San Felipe,,,,,16,,,,,,,,
648,Puerto Colombia,,,,,16,,,,,,,,
649,La Guadalupe,,,,,16,,,,,,,,
650,Cacahual,,,,,16,,,,,,,,
651,Pana Pana,,,,,16,,,,,,,,
652,Morichal,,,,,16,,,,,,,,
653,Calamar,,,,,17,,,,,,,,
654,San José del Guaviare,"San José del Guaviare es un municipio colombiano, capital del departamento de Guaviare. Comenzó a formarse en 1960, vinculado a las actividades colonizadoras de la región selvática y como núcleo de apoyo a las mismas. En 1976 recibió el estatus de municipio y su crecimiento demográfico, desde entonces, se ha proyectado rápidamente.",16178.0,52815.0,950001,17,,,,,,,,
655,Miraflores,,,,,17,,,,,,,,
656,El Retorno,,,,,17,,,,,,,,
759,Restrepo,,,,,21,,,,,,,,
760,San Juanito,,,,,21,,,,,,,,
761,San Martín,,,,,21,,,,,,,,
762,Vista Hermosa,,,,,21,,,,,,,,
763,Barranca de Upía,,,,,21,,,,,,,,
764,Fuente de Oro,,,,,21,,,,,,,,
657,Neiva,"Neiva es un municipio colombiano, capital del departamento de Huila. Yace entre la cordillera Central y Oriental, en una planicie sobre la margen oriental del río Magdalena, en el valle del mismo nombre, cruzada por el río Las Ceibas y el río del Oro. Su extensión territorial de 1533 km², su altura de 442 metros sobre el nivel del mar y su temperatura promedio de 27.7 ",1553.0,367401.0,410001,18,,,,,,,,
658,Acevedo,,,,,18,,,,,,,,
659,Agrado,,,,,18,,,,,,,,
660,Aipe,,,,,18,,,,,,,,
661,Algeciras,,,,,18,,,,,,,,
662,Altamira,,,,,18,,,,,,,,
663,Baraya,,,,,18,,,,,,,,
664,Campoalegre,,,,,18,,,,,,,,
665,Colombia,,,,,18,,,,,,,,
666,Elías,,,,,18,,,,,,,,
667,Garzón,,,,,18,,,,,,,,
668,Gigante,,,,,18,,,,,,,,
669,Guadalupe,,,,,18,,,,,,,,
670,Hobo,,,,,18,,,,,,,,
671,Iquira,,,,,18,,,,,,,,
672,Isnos,,,,,18,,,,,,,,
673,La Argentina,,,,,18,,,,,,,,
674,La Plata,,,,,18,,,,,,,,
675,Nátaga,,,,,18,,,,,,,,
676,Oporapa,,,,,18,,,,,,,,
677,Paicol,,,,,18,,,,,,,,
678,Palermo,,,,,18,,,,,,,,
679,Palestina,,,,,18,,,,,,,,
680,Pital,,,,,18,,,,,,,,
681,Pitalito,"Pitalito es un municipio colombiano localizado en el suroriente del departamento del Huila. Yace sobre el valle del Magdalena y sobre el vértice que forman las Cordilleras central y oriental. Su extensión territorial de 653km², su altura de 1318 metros sobre el nivel del mar y su temperatura promedio de 18-21 ",653.0,128600.0,417030,18,,,,,,,,
682,Rivera,,,,,18,,,,,,,,
683,Saladoblanco,,,,,18,,,,,,,,
684,Santa María,,,,,18,,,,,,,,
685,Suaza,,,,,18,,,,,,,,
686,Tarqui,,,,,18,,,,,,,,
687,Tesalia,,,,,18,,,,,,,,
688,Tello,,,,,18,,,,,,,,
689,Teruel,,,,,18,,,,,,,,
690,Timaná,,,,,18,,,,,,,,
691,Villavieja,,,,,18,,,,,,,,
692,Yaguará,,,,,18,,,,,,,,
693,San Agustín,,,,,18,,,,,,,,
694,Riohacha,"Riohacha, oficialmente Distrito Especial, Turístico y Cultural de Riohacha,7​ (en wayuunaiki: Süchiimma que traduce a ""Tierra del Río"") es un distrito colombiano, capital del departamento de La Guajira. Se ubica en la costa del mar Caribe, en el delta del río Ranchería. Es el segundo municipio con mayor extensión territorial en su departamento y principal por constituir un vasto engranaje de entidades públicas, bancos y entidades financieras",3084.0,287009.0,440001,19,,,,,,,,
695,Albania,,,,,19,,,,,,,,
696,Barrancas,,,,,19,,,,,,,,
697,Dibula,,,,,19,,,,,,,,
698,Distracción,,,,,19,,,,,,,,
699,El Molino,,,,,19,,,,,,,,
700,Fonseca,,,,,19,,,,,,,,
701,Hatonuevo,,,,,19,,,,,,,,
702,Maicao,"Maicao (en wayuunaiki: Maikou) es un municipio colombiano ubicado en el centro-este del departamento de La Guajira. El municipio es conocido con el apelativo «Vitrina Comercial de Colombia» debido a la prosperidad económica que experimentó en la década de 1980, al establecer un amplio mercado abastecido por productos importados de Venezuela.",1825.0,162118.0,442001,19,,,,,,,,
703,Manaure,,,,,19,,,,,,,,
704,Uribia,,,,,19,,,,,,,,
705,Urumita,,,,,19,,,,,,,,
706,Villanueva,,,,,19,,,,,,,,
707,La Jagua del Pilar,,,,,19,,,,,,,,
708,San Juan del Cesar,,,,,19,,,,,,,,
709,Santa Marta,"Santa Marta, oficialmente Distrito Turístico, Cultural e Histórico de Santa Marta,4​ es la capital del departamento de Magdalena, Colombia. Fue fundada el 29 de julio de 1525 por el español Rodrigo de Bastidas, lo que según los textos, la hace la ciudad en pie más antigua de Colombia. Se encuentra a orillas de la bahía del mismo nombre.",2393.0,538612.0,470001,20,,,,,,,,
710,Algarrobo,,,,,20,,,,,,,,
711,Aracataca,,,,,20,,,,,,,,
712,Ariguaní,,,,,20,,,,,,,,
1,Leticia,"Leticia es un municipio fronterizo colombiano, es la capital del departamento del Amazonas. Se encuentra localizado en el extremo sur del país sobre las márgenes del río Amazonas, al sur del área no municipalizada de Tarapacá y al oriente del municipio de Puerto Nariño. Su extensión territorial es de 5968 km², su altura de 82 metros sobre el nivel del mar",5968.0,42280.0,910001,1,,,,,,,,
2,El Encanto,,,,,1,,,,,,,,
3,La Chorrera,,,,,1,,,,,,,,
4,La Pedrera,,,,,1,,,,,,,,
5,La Victoria,,,,,1,,,,,,,,
6,Puerto Arica,,,,,1,,,,,,,,
7,Puerto Nariño,,,,,1,,,,,,,,
8,Puerto Santander,,,,,1,,,,,,,,
9,Tarapacá,,,,,1,,,,,,,,
10,Puerto Alegría,,,,,1,,,,,,,,
11,Miriti Paraná,,,,,1,,,,,,,,
12,Medellín,"Medellín es un distrito colombiano, capital del departamento de Antioquia. Es la ciudad más poblada del departamento y la segunda más poblada del país después de Bogotá.8​ Está ubicada en la parte más ancha de la región natural conocida como Valle de Aburrá, en la cordillera central de los Andes. Está extendida por ambas orillas del río Medellín, que la atraviesa de sur a norte, y es el municipio principal del Área metropolitana del Valle de Aburrá.9​",382.0,2533424.0,50001,2,,,,,,,,
13,Abejorral,,,,,2,,,,,,,,
14,Abriaquí,,,,,2,,,,,,,,
15,Alejandría,,,,,2,,,,,,,,
16,Amagá,,,,,2,,,,,,,,
17,Amalfi,,,,,2,,,,,,,,
18,Andes,,,,,2,,,,,,,,
19,Angelópolis,,,,,2,,,,,,,,
20,Angostura,,,,,2,,,,,,,,
21,Anorí,,,,,2,,,,,,,,
22,Anza,,,,,2,,,,,,,,
23,Apartadó,"Apartadó es un municipio de Colombia, ubicado en la subregión de Urabá en el departamento de Antioquia, siendo el municipio más poblado de dicha región. Limita por el norte el puerto y distrito de Turbo, además su cabecera municipal está a 310 kilómetros de la capital departamental, Medellín.",607.0,121003.0,57840,2,,,,,,,,
24,Arboletes,,,,,2,,,,,,,,
25,Argelia,,,,,2,,,,,,,,
26,Armenia,,,,,2,,,,,,,,
27,Barbosa,,,,,2,,,,,,,,
28,Bello,,,,,2,,,,,,,,
29,Betania,,,,,2,,,,,,,,
30,Betulia,,,,,2,,,,,,,,
31,Ciudad Bolívar,,,,,2,,,,,,,,
32,Briceño,,,,,2,,,,,,,,
33,Buriticá,,,,,2,,,,,,,,
34,Cáceres,,,,,2,,,,,,,,
35,Caicedo,,,,,2,,,,,,,,
36,Caldas,,,,,2,,,,,,,,
37,Campamento,,,,,2,,,,,,,,
38,Cañasgordas,,,,,2,,,,,,,,
39,Caracolí,,,,,2,,,,,,,,
40,Caramanta,,,,,2,,,,,,,,
41,Carepa,,,,,2,,,,,,,,
42,Carolina,,,,,2,,,,,,,,
803,Nariño,,,,,22,,,,,,,,
43,Caucasia,"Caucasia es un municipio colombiano localizado en la subregión del Bajo Cauca del departamento de Antioquia. Es denominada la Capital del Bajo Cauca por ser el principal centro urbano y comercial de la subregión. Limita por el norte con el departamento de Córdoba, por el este con los municipios antioqueños de Nechí y El Bagre, por el sur con el municipio de Zaragoza, y por el oeste con el municipio de Cáceres",1411.0,90213.0,52410,2,,,,,,,,
44,Chigorodó,,,,,2,,,,,,,,
45,Cisneros,,,,,2,,,,,,,,
46,Cocorná,,,,,2,,,,,,,,
47,Concepción,,,,,2,,,,,,,,
48,Concordia,,,,,2,,,,,,,,
49,Copacabana,,,,,2,,,,,,,,
50,Dabeiba,,,,,2,,,,,,,,
51,Don Matías,,,,,2,,,,,,,,
52,Ebéjico,,,,,2,,,,,,,,
53,El Bagre,,,,,2,,,,,,,,
54,Entrerrios,,,,,2,,,,,,,,
55,Envigado,,,,,2,,,,,,,,
56,Fredonia,,,,,2,,,,,,,,
57,Giraldo,,,,,2,,,,,,,,
58,Girardota,,,,,2,,,,,,,,
59,Gómez Plata,,,,,2,,,,,,,,
60,Guadalupe,,,,,2,,,,,,,,
61,Guarne,,,,,2,,,,,,,,
62,Guatapé,,,,,2,,,,,,,,
63,Heliconia,,,,,2,,,,,,,,
64,Hispania,,,,,2,,,,,,,,
65,Itagui,,,,,2,,,,,,,,
66,Ituango,,,,,2,,,,,,,,
67,Belmira,,,,,2,,,,,,,,
68,Jericó,,,,,2,,,,,,,,
69,La Ceja,,,,,2,,,,,,,,
70,La Estrella,,,,,2,,,,,,,,
71,La Pintada,,,,,2,,,,,,,,
72,La Unión,,,,,2,,,,,,,,
73,Liborina,,,,,2,,,,,,,,
74,Maceo,,,,,2,,,,,,,,
75,Marinilla,,,,,2,,,,,,,,
76,Montebello,,,,,2,,,,,,,,
77,Murindó,,,,,2,,,,,,,,
78,Mutatá,,,,,2,,,,,,,,
79,Nariño,,,,,2,,,,,,,,
80,Necoclí,,,,,2,,,,,,,,
81,Nechí,,,,,2,,,,,,,,
82,Olaya,,,,,2,,,,,,,,
83,Peñol,,,,,2,,,,,,,,
84,Peque,,,,,2,,,,,,,,
85,Pueblorrico,,,,,2,,,,,,,,
86,Puerto Berrío,,,,,2,,,,,,,,
713,Cerro San Antonio,,,,,20,,,,,,,,
714,Chivolo,,,,,20,,,,,,,,
715,Concordia,,,,,20,,,,,,,,
716,El Banco,,,,,20,,,,,,,,
717,El Piñon,,,,,20,,,,,,,,
718,El Retén,,,,,20,,,,,,,,
719,Fundación,,,,,20,,,,,,,,
720,Guamal,,,,,20,,,,,,,,
721,Nueva Granada,,,,,20,,,,,,,,
722,Pedraza,,,,,20,,,,,,,,
723,Pivijay,,,,,20,,,,,,,,
724,Plato,,,,,20,,,,,,,,
725,Remolino,,,,,20,,,,,,,,
726,Salamina,,,,,20,,,,,,,,
727,San Zenón,,,,,20,,,,,,,,
728,Santa Ana,,,,,20,,,,,,,,
729,Sitionuevo,,,,,20,,,,,,,,
730,Tenerife,,,,,20,,,,,,,,
731,Zapayán,,,,,20,,,,,,,,
732,Zona Bananera,,,,,20,,,,,,,,
733,San Sebastián de Buenavista,,,,,20,,,,,,,,
734,Sabanas de San Angel,,,,,20,,,,,,,,
735,Pijiño del Carmen,,,,,20,,,,,,,,
736,Santa Bárbara de Pinto,,,,,20,,,,,,,,
737,Pueblo Viejo,,,,,20,,,,,,,,
738,Ciénaga,"Ciénaga es un municipio del departamento colombiano del Magdalena. Se encuentra a orillas del Mar Caribe, junto a la Sierra Nevada de Santa Marta, en el extremo nororiental de la Ciénaga Grande de Santa Marta. Está a 3 m s. n. m. y tiene una temperatura promedio de 30 °C. Dista 35 km de la ciudad de Santa Marta. Pertenece a la red de pueblos patrimonio de Colombia",1242.0,129414.0,478007,20,,,,,,,,
739,Uribe,,,,,21,,,,,,,,
740,Villavicencio,"Villavicencio es un municipio colombiano, capital del departamento del Meta y el centro comercial más importante de los Llanos Orientales.4​ Está ubicada en el piedemonte de la Cordillera Oriental, al noroccidente del departamento del Meta, en la margen derecha del río Guatiquía.",1338.0,558299.0,500001,21,,,,,,,,
741,Acacias,,,,,21,,,,,,,,
742,Cabuyaro,,,,,21,,,,,,,,
743,Cubarral,,,,,21,,,,,,,,
744,Cumaral,,,,,21,,,,,,,,
745,El Calvario,,,,,21,,,,,,,,
746,El Castillo,,,,,21,,,,,,,,
747,El Dorado,,,,,21,,,,,,,,
748,Granada,,,,,21,,,,,,,,
749,Guamal,,,,,21,,,,,,,,
750,Mapiripán,,,,,21,,,,,,,,
751,Mesetas,,,,,21,,,,,,,,
752,La Macarena,,,,,21,,,,,,,,
753,Lejanías,,,,,21,,,,,,,,
754,Puerto Concordia,,,,,21,,,,,,,,
755,Puerto Gaitán,,,,,21,,,,,,,,
765,San Carlos de Guaroa,,,,,21,,,,,,,,
766,San Juan de Arama,,,,,21,,,,,,,,
767,Castilla la Nueva,,,,,21,,,,,,,,
768,Santacruz,,,,,22,,,,,,,,
769,Pasto,"Pasto es un municipio colombiano, capital del departamento de Nariño, cuya cabecera municipal ostenta el nombre de San Juan de Pasto.9​ Se ubica en el suroccidente de la nación, en la región Andina.",1181.0,460638.0,520001,22,,,,,,,,
770,Albán,,,,,22,,,,,,,,
771,Aldana,,,,,22,,,,,,,,
772,Ancuyá,,,,,22,,,,,,,,
773,Barbacoas,,,,,22,,,,,,,,
774,Colón,,,,,22,,,,,,,,
775,Consaca,,,,,22,,,,,,,,
776,Contadero,,,,,22,,,,,,,,
777,Córdoba,,,,,22,,,,,,,,
778,Cuaspud,,,,,22,,,,,,,,
779,Cumbal,,,,,22,,,,,,,,
780,Cumbitara,,,,,22,,,,,,,,
781,El Charco,,,,,22,,,,,,,,
782,El Peñol,,,,,22,,,,,,,,
783,El Rosario,,,,,22,,,,,,,,
784,El Tambo,,,,,22,,,,,,,,
785,Funes,,,,,22,,,,,,,,
786,Guachucal,,,,,22,,,,,,,,
787,Guaitarilla,,,,,22,,,,,,,,
788,Gualmatán,,,,,22,,,,,,,,
789,Iles,,,,,22,,,,,,,,
790,Imués,,,,,22,,,,,,,,
791,Ipiales,"Ipiales es un municipio colombiano ubicado en el departamento de Nariño. Situado en la frontera con Ecuador, en el nudo de los Pastos, en el altiplano andino, relativamente cerca de la costa del océano Pacífico (aproximadamente a cinco horas en bus), al pie de monte amazónico y a la línea equinoccial, siendo una región panamazónica.",1707.0,148000.0,524060,22,,,,,,,,
792,La Cruz,,,,,22,,,,,,,,
793,La Florida,,,,,22,,,,,,,,
794,La Llanada,,,,,22,,,,,,,,
795,La Tola,,,,,22,,,,,,,,
796,La Unión,,,,,22,,,,,,,,
797,Leiva,,,,,22,,,,,,,,
798,Linares,,,,,22,,,,,,,,
799,Los Andes,,,,,22,,,,,,,,
800,Magüí,,,,,22,,,,,,,,
801,Mallama,,,,,22,,,,,,,,
802,Mosquera,,,,,22,,,,,,,,
804,Olaya Herrera,,,,,22,,,,,,,,
805,Ospina,,,,,22,,,,,,,,
806,Francisco Pizarro,,,,,22,,,,,,,,
807,Policarpa,,,,,22,,,,,,,,
808,Potosí,,,,,22,,,,,,,,
809,Providencia,,,,,22,,,,,,,,
810,Puerres,,,,,22,,,,,,,,
811,Pupiales,,,,,22,,,,,,,,
812,Ricaurte,,,,,22,,,,,,,,
813,Roberto Payán,,,,,22,,,,,,,,
814,Samaniego,,,,,22,,,,,,,,
815,Sandoná,,,,,22,,,,,,,,
816,San Bernardo,,,,,22,,,,,,,,
817,San Lorenzo,,,,,22,,,,,,,,
818,San Pablo,,,,,22,,,,,,,,
819,Santa Bárbara,,,,,22,,,,,,,,
820,Sapuyes,,,,,22,,,,,,,,
821,Taminango,,,,,22,,,,,,,,
822,Tangua,,,,,22,,,,,,,,
823,Túquerres,,,,,22,,,,,,,,
824,Yacuanquer,,,,,22,,,,,,,,
825,San Pedro de Cartago,,,,,22,,,,,,,,
826,El Tablón de Gómez,,,,,22,,,,,,,,
827,Buesaco,,,,,22,,,,,,,,
828,San Andrés de Tumaco,,,,,22,,,,,,,,
829,Belén,,,,,22,,,,,,,,
830,Chachagüí,,,,,22,,,,,,,,
831,Arboleda,,,,,22,,,,,,,,
832,Silos,,,,,23,,,,,,,,
833,Cácota,,,,,23,,,,,,,,
834,Toledo,,,,,23,,,,,,,,
835,Mutiscua,,,,,23,,,,,,,,
836,El Zulia,,,,,23,,,,,,,,
837,Salazar,,,,,23,,,,,,,,
838,Cucutilla,,,,,23,,,,,,,,
839,Puerto Santander,,,,,23,,,,,,,,
840,Gramalote,,,,,23,,,,,,,,
841,El Tarra,,,,,23,,,,,,,,
842,Teorama,,,,,23,,,,,,,,
843,Arboledas,,,,,23,,,,,,,,
844,Lourdes,,,,,23,,,,,,,,
845,Bochalema,,,,,23,,,,,,,,
846,Convención,,,,,23,,,,,,,,
847,Hacarí,,,,,23,,,,,,,,
848,Herrán,,,,,23,,,,,,,,
849,Tibú,,,,,23,,,,,,,,
850,San Cayetano,,,,,23,,,,,,,,
851,San Calixto,,,,,23,,,,,,,,
852,La Playa,,,,,23,,,,,,,,
853,Chinácota,,,,,23,,,,,,,,
854,Ragonvalia,,,,,23,,,,,,,,
855,La Esperanza,,,,,23,,,,,,,,
856,Villa del Rosario,,,,,23,,,,,,,,
857,Chitagá,,,,,23,,,,,,,,
858,Sardinata,,,,,23,,,,,,,,
859,Abrego,,,,,23,,,,,,,,
860,Los Patios,,,,,23,,,,,,,,
861,Ocaña,"Ocaña es un municipio colombiano ubicado en el departamento de Norte de Santander, al nororiente del país. Se encuentra dentro de la Subregión de Occidente, conocida coloquialmente como la Provincia de Ocaña. El municipio cuenta con una extensión de 672,27 km² y una altitud media de 1202",672.0,129308.0,546551,23,,,,,,,,
862,Bucarasica,,,,,23,,,,,,,,
863,Santiago,,,,,23,,,,,,,,
864,Labateca,,,,,23,,,,,,,,
865,Cachirá,,,,,23,,,,,,,,
866,Villa Caro,,,,,23,,,,,,,,
867,Durania,,,,,23,,,,,,,,
868,Pamplona,"Pamplona es un municipio colombiano, ubicado en el departamento de Norte de Santander. Fue la capital de la Provincia de Pamplona y su economía está basada en la gastronomía, la agricultura, el turismo (especialmente el turismo religioso) y la educación. Se le conoce como la ""Ciudad Mitrada"", debido a que en ella se instauró la Arquidiócesis de Nueva Pamplona",318.0,59422.0,543050,23,,,,,,,,
869,Pamplonita,,,,,23,,,,,,,,
870,Cúcuta,"Cúcuta, oficialmente San José de Cúcuta, es un municipio colombiano, capital del departamento de Norte de Santander y núcleo del Área Metropolitana de Cúcuta. La ciudad está situada en el valle homónimo, al pie de la Cordillera Oriental de los Andes Colombianos, próxima a la frontera con Venezuela. Comprende una superficie aproximada de 1117 km², con un área urbana de 64 km² (dividida en 10 comunas) y un área rural de 1053 km² (dividida en 10 corregimientos)",1117.0,777106.0,540001,23,,,,,,,,
871,El Carmen,,,,,23,,,,,,,,
872,Mocoa,"Mocoa es un municipio colombiano y capital del departamento de Putumayo, cuya cabecera municipal ostenta el nombre de San Miguel de Agreda de Mocoa. Se sitúa en el suroccidente de Colombia, siendo el segundo municipio de mayor población en el departamento.",1263.0,58938.0,860001,24,,,,,,,,
873,Colón,,,,,24,,,,,,,,
874,Orito,,,,,24,,,,,,,,
875,Puerto Caicedo,,,,,24,,,,,,,,
876,Puerto Guzmán,,,,,24,,,,,,,,
877,Leguízamo,,,,,24,,,,,,,,
878,Sibundoy,,,,,24,,,,,,,,
879,San Francisco,,,,,24,,,,,,,,
880,San Miguel,,,,,24,,,,,,,,
881,Santiago,,,,,24,,,,,,,,
882,Valle de Guamez,,,,,24,,,,,,,,
883,Puerto Asís,Puerto Asís es un municipio colombiano localizado en el departamento del Putumayo. Conocido como la capital comercial del Putumayo por su predominio de las actividades del sector terciario o servicios en su economía que lo convierten el municipio con mayor peso relativo municipal en el valor agregado departamental (25.4 %).2​ Es también el municipio con mayor población en el departamento,2610.0,113893.0,862060,24,,,,,,,,
884,Villagarzón,,,,,24,,,,,,,,
885,Armenia,"Armenia es un municipio colombiano, capital del departamento del Quindío y núcleo económico de su área metropolitana. Es una de las principales ciudades del eje cafetero colombiano, la región paisa y el Paisaje Cultural Cafetero.4​ Fundada en 1889 durante la colonización antioqueña, basó su economía en la agricultura",121.0,316926.0,630001,25,,,,,,,,
886,Buenavista,,,,,25,,,,,,,,
887,Circasia,,,,,25,,,,,,,,
888,Córdoba,,,,,25,,,,,,,,
889,Filandia,,,,,25,,,,,,,,
890,La Tebaida,,,,,25,,,,,,,,
891,Montenegro,,,,,25,,,,,,,,
892,Pijao,,,,,25,,,,,,,,
893,Quimbaya,,,,,25,,,,,,,,
894,Salento,,,,,25,,,,,,,,
895,Calarcá,,,,,25,,,,,,,,
896,Génova,,,,,25,,,,,,,,
897,Pereira,"Pereira es un municipio colombiano, capital del departamento de Risaralda. Es la ciudad más poblada de la región del eje cafetero; integra el Área Metropolitana de Centro Occidente junto con los municipios de Dosquebradas y La Virginia. Está ubicada en la región centro-occidente del país, en el valle del río Otún en la Cordillera Central de los Andes colombianos.",702.0,477027.0,660000,26,,,,,,,,
898,Apía,,,,,26,,,,,,,,
899,Balboa,,,,,26,,,,,,,,
900,Dosquebradas,,,,,26,,,,,,,,
901,Guática,,,,,26,,,,,,,,
902,La Celia,,,,,26,,,,,,,,
903,La Virginia,,,,,26,,,,,,,,
904,Marsella,,,,,26,,,,,,,,
905,Mistrató,,,,,26,,,,,,,,
906,Pueblo Rico,,,,,26,,,,,,,,
907,Quinchía,,,,,26,,,,,,,,
908,Santuario,,,,,26,,,,,,,,
909,Santa Rosa de Cabal,,,,,26,,,,,,,,
910,Belén de Umbría,,,,,26,,,,,,,,
911,Providencia,,,,,27,,,,,,,,
912,San Andrés,"San Andrés, conocido localmente como North End o Sector del Centro es el centro administrativo, turístico y comercial del departamento colombiano de San Andrés, Providencia y Santa Catalina.",26.0,71305.0,880001,27,,,,,,,,
913,Puerto Wilches,,,,,28,,,,,,,,
914,Puerto Parra,,,,,28,,,,,,,,
915,Bucaramanga,"Bucaramanga es un municipio colombiano, capital del departamento de Santander. En 2015 un informe del Banco Mundial la situó como una de las urbes más competitivas y con mejor calidad de vida en América Latina.12​ Está ubicada al nororiente del país sobre la Cordillera Oriental, rama de la cordillera de los Andes, a orillas del río de Oro.",162.0,612274.0,680001,28,,,,,,,,
916,Aguada,,,,,28,,,,,,,,
917,Albania,,,,,28,,,,,,,,
918,Aratoca,,,,,28,,,,,,,,
919,Barbosa,,,,,28,,,,,,,,
920,Barichara,,,,,28,,,,,,,,
921,Barrancabermeja,"Barrancabermeja, oficialmente Distrito Especial, Portuario, Industrial, Turístico y Biodiverso de Barrancabermeja, es un distrito colombiano ubicado a orillas del río Magdalena, en la parte occidental del departamento de Santander. Es la ciudad industrial más importante del departamento de Santander, sede de la refinería de petróleo más grande del país y es la capital de la Provincia de Yariguíes",1154.0,210729.0,687031,28,,,,,,,,
922,Betulia,,,,,28,,,,,,,,
923,Bolívar,,,,,28,,,,,,,,
924,Cabrera,,,,,28,,,,,,,,
925,California,,,,,28,,,,,,,,
926,Carcasí,,,,,28,,,,,,,,
927,Cepitá,,,,,28,,,,,,,,
928,Cerrito, ,,,,28,,,,,,,,
929,Charalá,,,,,28,,,,,,,,
930,Charta,,,,,28,,,,,,,,
931,Chipatá,,,,,28,,,,,,,,
932,Cimitarra,,,,,28,,,,,,,,
933,Concepción,,,,,28,,,,,,,,
934,Confines,,,,,28,,,,,,,,
935,Contratación,,,,,28,,,,,,,,
936,Coromoro,,,,,28,,,,,,,,
937,Curití,,,,,28,,,,,,,,
938,El Guacamayo,,,,,28,,,,,,,,
939,El Playón,,,,,28,,,,,,,,
940,Encino,,,,,28,,,,,,,,
941,Enciso,,,,,28,,,,,,,,
942,Florián,,,,,28,,,,,,,,
943,Floridablanca,,,,,28,,,,,,,,
944,Galán,,,,,28,,,,,,,,
945,Gambita,,,,,28,,,,,,,,
946,Girón,,,,,28,,,,,,,,
947,Guaca,,,,,28,,,,,,,,
948,Guadalupe,,,,,28,,,,,,,,
949,Guapotá,,,,,28,,,,,,,,
950,Guavatá,,,,,28,,,,,,,,
951,Güepsa,,,,,28,,,,,,,,
952,Jesús María,,,,,28,,,,,,,,
953,Jordán,,,,,28,,,,,,,,
954,La Belleza,,,,,28,,,,,,,,
955,Landázuri,,,,,28,,,,,,,,
956,La Paz,,,,,28,,,,,,,,
957,Lebríja,,,,,28,,,,,,,,
958,Los Santos,,,,,28,,,,,,,,
959,Macaravita,,,,,28,,,,,,,,
960,Málaga,,,,,28,,,,,,,,
961,Matanza,,,,,28,,,,,,,,
962,Mogotes,,,,,28,,,,,,,,
963,Molagavita,,,,,28,,,,,,,,
964,Ocamonte,,,,,28,,,,,,,,
965,Oiba,,,,,28,,,,,,,,
966,Onzaga,,,,,28,,,,,,,,
967,Palmar,,,,,28,,,,,,,,
968,Páramo,,,,,28,,,,,,,,
969,Piedecuesta,,,,,28,,,,,,,,
970,Pinchote,,,,,28,,,,,,,,
971,Puente Nacional,,,,,28,,,,,,,,
972,Rionegro,,,,,28,,,,,,,,
973,San Andrés,,,,,28,,,,,,,,
974,San Gil,"San Gil es un municipio colombiano ubicado en el departamento de Santander. Se sitúa sobre el eje vial entre Bucaramanga y Bogotá, y constituye el núcleo urbano más importante del sur del departamento de Santander. En el 2004 fue designado como la Capital Turística del departamento.",149.0,59670.0,684031,28,,,,,,,,
975,San Joaquín,,,,,28,,,,,,,,
976,San Miguel,,,,,28,,,,,,,,
977,Santa Bárbara,,,,,28,,,,,,,,
978,Simacota,,,,,28,,,,,,,,
979,Socorro,,,,,28,,,,,,,,
980,Suaita,,,,,28,,,,,,,,
981,Sucre,,,,,28,,,,,,,,
982,Suratá,,,,,28,,,,,,,,
983,Tona,,,,,28,,,,,,,,
984,Vélez,,,,,28,,,,,,,,
985,Vetas,,,,,28,,,,,,,,
986,Villanueva,,,,,28,,,,,,,,
987,Zapatoca,,,,,28,,,,,,,,
988,Palmas del Socorro,,,,,28,,,,,,,,
989,San Vicente de Chucurí,,,,,28,,,,,,,,
990,San José de Miranda,,,,,28,,,,,,,,
991,Santa Helena del Opón,,,,,28,,,,,,,,
992,Sabana de Torres,,,,,28,,,,,,,,
993,El Carmen de Chucurí,,,,,28,,,,,,,,
994,Valle de San José,,,,,28,,,,,,,,
995,San Benito,,,,,28,,,,,,,,
996,Hato,,,,,28,,,,,,,,
997,Chimá,,,,,28,,,,,,,,
998,Capitanejo,,,,,28,,,,,,,,
999,El Peñón,,,,,28,,,,,,,,
1000,Sincelejo,"Sincelejo es un municipio colombiano, capital del departamento de Sucre. Se encuentra ubicado al noroeste del país, en el Caribe Colombiano exactamente en la subregión Sabanas.",284.0,301126.0,700001,29,,,,,,,,
1001,Buenavista,,,,,29,,,,,,,,
1002,Caimito,,,,,29,,,,,,,,
1003,Coloso,,,,,29,,,,,,,,
1004,Coveñas,,,,,29,,,,,,,,
1005,Chalán,,,,,29,,,,,,,,
1006,El Roble,,,,,29,,,,,,,,
1007,Galeras,,,,,29,,,,,,,,
1008,Guaranda,,,,,29,,,,,,,,
1009,La Unión,,,,,29,,,,,,,,
1010,Los Palmitos,,,,,29,,,,,,,,
1011,Majagual,,,,,29,,,,,,,,
1012,Morroa,,,,,29,,,,,,,,
1013,Ovejas,,,,,29,,,,,,,,
1014,Palmito,,,,,29,,,,,,,,
1015,San Benito Abad,,,,,29,,,,,,,,
1016,San Marcos,,,,,29,,,,,,,,
1017,San Onofre,,,,,29,,,,,,,,
1018,San Pedro,,,,,29,,,,,,,,
1019,Sucre,,,,,29,,,,,,,,
1020,Tolú Viejo,,,,,29,,,,,,,,
1021,San Luis de Sincé,,,,,29,,,,,,,,
1022,San Juan de Betulia,,,,,29,,,,,,,,
1023,Santiago de Tolú,,,,,29,,,,,,,,
1024,Sampués,,,,,29,,,,,,,,
1025,Corozal,,,,,29,,,,,,,,
1026,Alpujarra,,,,,30,,,,,,,,
1027,Alvarado,,,,,30,,,,,,,,
1028,Ambalema,,,,,30,,,,,,,,
1029,Armero,,,,,30,,,,,,,,
1030,Ataco,,,,,30,,,,,,,,
1031,Cajamarca,,,,,30,,,,,,,,
1032,Chaparral,,,,,30,,,,,,,,
1033,Coello,,,,,30,,,,,,,,
1034,Coyaima,,,,,30,,,,,,,,
1035,Cunday,,,,,30,,,,,,,,
1036,Dolores,,,,,30,,,,,,,,
1037,Espinal,"El Espinal es un municipio colombiano ubicado en el departamento de Tolima, a 153 km de Bogotá con dirección suroccidente, y a 57,6 km de Ibagué, capital departamental; es el segundo municipio más poblado del departamento del Tolima y es conocido como la capital arrocera del centro del país.",231.0,76056.0,733520,30,,,,,,,,
1038,Falan,,,,,30,,,,,,,,
1039,Flandes,,,,,30,,,,,,,,
1040,Fresno,,,,,30,,,,,,,,
1041,Guamo,,,,,30,,,,,,,,
1042,Herveo,,,,,30,,,,,,,,
1043,Honda,,,,,30,,,,,,,,
1044,Icononzo,,,,,30,,,,,,,,
1045,Mariquita,,,,,30,,,,,,,,
1046,Melgar,,,,,30,,,,,,,,
1047,Murillo,,,,,30,,,,,,,,
1048,Natagaima,,,,,30,,,,,,,,
1049,Ortega,,,,,30,,,,,,,,
1050,Palocabildo,,,,,30,,,,,,,,
1051,Piedras,,,,,30,,,,,,,,
1052,Planadas,,,,,30,,,,,,,,
1053,Prado,,,,,30,,,,,,,,
1054,Purificación,,,,,30,,,,,,,,
1055,Rio Blanco,,,,,30,,,,,,,,
1056,Roncesvalles,,,,,30,,,,,,,,
1057,Rovira,,,,,30,,,,,,,,
1058,Saldaña,,,,,30,,,,,,,,
1059,Santa Isabel,,,,,30,,,,,,,,
1060,Venadillo,,,,,30,,,,,,,,
1061,Villahermosa,,,,,30,,,,,,,,
1062,Villarrica,,,,,30,,,,,,,,
1063,Valle de San Juan,,,,,30,,,,,,,,
1064,Carmen de Apicala,,,,,30,,,,,,,,
1065,San Luis,,,,,30,,,,,,,,
1066,San Antonio,,,,,30,,,,,,,,
1067,Casabianca,,,,,30,,,,,,,,
1068,Anzoátegui,,,,,30,,,,,,,,
1069,Ibagué,"Ibagué es un municipio colombiano ubicado en el centro-occidente de Colombia, sobre la Cordillera Central de los Andes entre el Cañón del Combeima y el Valle del Magdalena, en cercanías del Nevado del Tolima. Es la capital del departamento de Tolima. Se encuentra a una altitud promedio de 1285",1439.0,541101.0,730001,30,,,,,,,,
1070,Líbano,,,,,30,,,,,,,,
1071,Lérida,,,,,30,,,,,,,,
1072,Suárez,,,,,30,,,,,,,,
1073,El Dovio,,,,,31,,,,,,,,
1074,Roldanillo,,,,,31,,,,,,,,
1075,Argelia,,,,,31,,,,,,,,
1076,Sevilla,,,,,31,,,,,,,,
1077,Zarzal,,,,,31,,,,,,,,
1078,El Cerrito,,,,,31,,,,,,,,
1079,Cartago,"Cartago es un municipio colombiano ubicado al norte del departamento del Valle del Cauca, que está localizado a orillas del río La Vieja y por el costado occidental de su territorio transcurre el río Cauca. Es conocido como La Villa de Robledo y también como La ciudad del Sol más alegre de Colombia. Fue fundado inicialmente en 1540 en el lugar donde hoy se encuentra la ciudad de Pereira",279.0,134963.0,762021,31,,,,,,,,
1080,Caicedonia,,,,,31,,,,,,,,
1081,El Cairo,,,,,31,,,,,,,,
1082,La Unión,,,,,31,,,,,,,,
1083,Restrepo,,,,,31,,,,,,,,
1084,Dagua,,,,,31,,,,,,,,
1085,Guacarí,,,,,31,,,,,,,,
1086,Ansermanuevo,,,,,31,,,,,,,,
1087,Bugalagrande,,,,,31,,,,,,,,
1088,La Victoria,,,,,31,,,,,,,,
1089,Ginebra,,,,,31,,,,,,,,
1090,Yumbo,,,,,31,,,,,,,,
1091,Obando,,,,,31,,,,,,,,
1092,Bolívar,,,,,31,,,,,,,,
1093,Cali,"Cali, oficialmente Distrito Especial, Deportivo, Cultural, Turístico, Empresarial y de Servicios de Santiago de Cali,8​9​10​ es un distrito colombiano, capital del departamento de Valle del Cauca,2​ la tercera ciudad más poblada y el tercer centro económico y cultural de Colombia. Está situada en la región Sur del Valle del Cauca.",619.0,2545682.0,760000,31,,,,,,,,
1094,San Pedro,,,,,31,,,,,,,,
1095,Guadalajara de Buga,,,,,31,,,,,,,,
1096,Calima,,,,,31,,,,,,,,
1097,Andalucía,,,,,31,,,,,,,,
1098,Pradera,,,,,31,,,,,,,,
1099,Yotoco,,,,,31,,,,,,,,
1100,Palmira,Palmira es un municipio colombiano del departamento del Valle del Cauca en Colombia; localizado en la región sur del departamento. Es conocido como La Villa de las Palmas.,1123.0,310608.0,763531,31,,,,,,,,
1101,Riofrío,,,,,31,,,,,,,,
1102,Alcalá,,,,,31,,,,,,,,
1103,Versalles,,,,,31,,,,,,,,
1104,El Águila,,,,,31,,,,,,,,
1105,Toro,,,,,31,,,,,,,,
1106,Candelaria,,,,,31,,,,,,,,
1107,La Cumbre,,,,,31,,,,,,,,
1108,Ulloa,,,,,31,,,,,,,,
1109,Trujillo,,,,,31,,,,,,,,
1110,Vijes,,,,,31,,,,,,,,
1111,Tuluá,"Tuluá es un municipio colombiano ubicado en la región central del departamento del Valle del Cauca.3​ Es un motor comercial, demográfico, cultural, industrial, financiero y agropecuario del centro del departamento. Posee una cámara de comercio y es el cuarto municipio más poblado del Valle del Cauca",910.0,218812.0,764501,31,,,,,,,,
1112,Florida,,,,,31,,,,,,,,
1113,Jamundí,,,,,31,,,,,,,,
1114,Buenaventura,"Buenaventura, oficialmente Distrito Especial, Industrial, Portuario, Biodiverso y Ecoturístico de Buenaventura, es un distrito, una ciudad y el principal puerto marítimo de Colombia y uno de los diez puertos más importantes de América Latina; se estima que Buenaventura mueve más del 53 % del comercio internacional del país",6078.0,308188.0,764501,31,,,,,,,,
1115,Mitú,"Mitú es la capital del departamento del Vaupés, ubicado en la parte suroriental de Colombia y sobre la frontera con Brasil. El municipio se localiza predominantemente sobre la margen derecha del río Vaupés. Con cerca de 16.422 km², según el censo del DANE, y con una población aproximada de 16.580 habitantes, en donde predominan 27 etnias indígenas diferentes",16422.0,31568.0,970001,32,,,,,,,,
1116,Carurú,,,,,32,,,,,,,,
1117,Taraira,,,,,32,,,,,,,,
1118,Papunahua,,,,,32,,,,,,,,
1119,Yavaraté,,,,,32,,,,,,,,
1120,Pacoa,,,,,32,,,,,,,,
1121,Puerto Carreño,"Puerto Carreño es un municipio colombiano, capital del departamento de Vichada. Su población es de 15.753 habitantes, su área de 12.409 km² y está sobre la frontera con Venezuela, colindando al norte del río Meta con Puerto Páez. Fue fundada en 1922, sobre la confluencia de los ríos Orinoco y Meta;",12409.0,15753.0,990001,33,,,,,,,,
1122,La Primavera,,,,,33,,,,,,,,
1123,Santa Rosalía,,,,,33,,,,,,,,
1124,Cumaribo,,,,,33,,,,,,,,
393,San Luis de Palenque,,,,,10,,,,,,,,
